Index,Comments
116,Omg BABY CASSANDRA
212,Wow
286,DIS-GUS-TING
302,2020?
306,@robertwelsh
358,CASSANDRA WHAT MASCARA IS THIS PLS
364,2020 ??
398,2020?
481,Meet a doctor!!!!!
490,Beuatiful eyes !!!!!
497,<b>sniff</b>
507,Omg I love ur eyes
554,bitconee
562,((:
623,Jajaja
684,fakeup mgtow
741,wow
780,YOU ARE BEAUTIFUL!!!
816,SHOON SHE SAID SHOON LOOOOOOOOOOOOOOL
839,RETIN-A !!!
855,nice
861,perfect make up....
877,nice
910,I rate u
925,Gorgeous girl!
930,wow ur eyes !!!
955,MS BANKSON TRY POCKETDERM
994,love
1010,"<a href=""http://acne.org"">acne.org</a> may help"
1024,transe :D
1078,ur gorg omg
1098,"i love you, brave!"
1140,Thank you
1172,Yes car
1175,Hi
1238,thank you so much
1241,wow....
1246,I love your personality.
1264,Youre so gorgeous! &lt;3
1274,I wish I had your brows
1321,omg
1384,ys
1390,OMG!!
1446,wtf youre so cute???
1471,MUTANT!!!!
1484,DOUBLE VAGINA
1489,respekt
1504,wow
1536,YOU ARE BEAUTIFUL!!
1541,IT Cosmetics try it
1553,lovely makeup - likes it
1561,YOU INSPIRE ME
1570,Love you
1595,I DONT CARE FUC K ING ACNE !! YOU ARE BEAUTIFUL !!!!11
1598,<br>
1600,OMG
1601,OMG
1603,Girl stay strong &lt;333
1609,Eres hermosa
1628,You&#39;re gorgeous
1640,TOO MUCH MAKEUP!!!
1647,waw
1672,"!,,,,,,<br><br>"
1848, 
1985,Thank you!
2074,Love your confidence girl
2091, 
2168,*SPONSORED BY SMASHBOX
2198,&lt;3
2206,you&#39;re so brave!
2235,.
2276,"I love you so, so, so, so much.Â "
2287,Hiii
2326,I like it 
2355,BEUTIFUL Â I LOVE YOU ... MUACK...
2362,thanks so much!
2412,Wow
2480,Nice
2525,Asqueroso video
2535,wow
2546,I so just love ur eyes !!! 
2562,YOU ARE BEAUTIFUL!!!
2598,Flawless makeup
2624,ur very brave!!
2627,i love your eyes
2668,SO BEAUTIFUL.
2738,You&#39;re gorgeous!
2798,!!!ooowwwwwwwww :OÂ 
2805,CC
2815,wow...I like!
2952,wow!! 
2996,*face
3016,queenÂ 
3019,&lt;3
3023,Ihhhhhhh
3028,LOVE!
3057,YOU&#39;RE SO CUTE ILY SO MUCH
3095,respect
3121,I Love you Girl 
3192,Before you look better :)
3202,tHIS IS WHY YOU TAKE HER SWIMMING ON THE FIRST DATE
3234,&lt;333
3262,YOOOOU ARE SO BEAUTIFUL!!!!!
3343,Thank you :)
3361,respect tbh
3384,BEAUTIFUL
3385,love her &lt;3
3405,STOP USING MAKE-UP TO STOP THE ACNE!!!
3491,:0
3518,i love it your transfomation
3538,VEM BOQUETERA
3545,Woooow :O
3555,O M G !!!!!!!!!!!!
3557,YOU ARE SO FRICKEN PERFECT WITH AND WITHOUT MAKEUP
3558,Oopps
3604,OMG
3617,Thanks for sharing
3644,you&#39;re gorgeous &lt;3
3655,Have you tried retin?Â 
3770,YOU ARR BEAUTIFUL
3784,I like
3812,YOU&#39;RE BEAUTIFUL &lt;3
3818,Wow
3827,OMG! HER EYEEEEEEEEES! &lt;3
3865,Nice
3885,bitches
3905,cc
3911,wowww!!
3940,YOU ARE BEAUTIFUL
3941,"I SWEAR TO GOD, YOU LOOK REALLY BEAUTIFUL WITH ACNE !!!Â "
3944,i love your confidence!!!
3988,9GAG !
3994,Youre so beautyful :)
3999,Love it
4013,Your EYES!!!OMG!GORGEOUS! <b>o</b>
4024,I love you
4081,a
4115,cool!
4118,Perfect 
4145,I like your eyes!
4171,very good
4181,Horrible
4182,Horrible
4186,Much*<br>
4199,Ugly 
4275,WTF :O
4298,Thank you
4300,thank you &lt;3
4305,"try <a href=""http://acne.org"">acne.org</a> 3 sets"
4310,Nice!
4320,YOU ARE SO BEAUTIFUL~! &lt;3
4329,I love you &lt;3
4334,Ha Ha RTL
4361,...
4377,OH MY GOD!!
4423,Thank you!!!
4435,you&#39;re gorgeous
4451,Thank you 
4464,TO EACH ITS OWN!!!!
4518,use foundation! lolol
4533,wow
4571,I love you so much
4608,U DID GOOD
4631,omg omg omg your eyes &lt;33333
4658,&lt;3
4659,i love your eyes
4680,Try ROACNETAN..
4709,Gorgeous lady (:
4727,Your eyes &gt;&gt;
4729,Model
4794,Wow banget ...like
4809,YOU ARE SO GORGEOUS WAUW
4866,Stop
4867,"Girls, pls stop"
4868,ewe
4870,YOU ARE BEAUTIFUL!
4923,Magnificent  
4940,I absolutely love your eyes! You&#39;re so gorgeous!
4955,YOU ARE BEAUTIFUL!!! &lt;3
4975,Classic beauty!!
4987,youre gorgeous!!!Â 
4991,YOUR GORGEZZ HUN  
5003,Nice
5051,I love your eyes!!!!!!
5062,you&#39;re a fox!Â 
5142,Gorgeous!
5154,"Real woman.. 3 BEAUTIFUL, BEAUTIFUL, BEAUTIFUL"
5180,Loved your video
5205,!
5229,i LOVE you!!!
5234,marry me plsÂ 
5235,wtf!!! 20 000 000 views!! 
5239,YOU ARE BEAUTIFUL!!!! GOD BLESS YOU &lt;3 SO BRAVE.
5243,"YOU ARE LIKE THE SWEETEST PERSON EVER, AND UR GORGEOUSÂ "
5248,Ugh!
5255,(null)
5269,perfectÂ 
5274,cute&lt;3
5289,I love your eyes!
5350,You&#39;re * -.-
5367,ROACUTAN
5405,i loved your comment....
5410,"wow,it&#39;s like magic. :)"
5419,MAQUIAGEM FAZ MILAGRE
5422,o m g
5430,D&#39;:
5447,Omg*
5448,Omh
5455,I like it
5495,I love you
5499,HOLAAA
5512,hermosa:)
5515,nice video
5526,idc
5527,IT IS VERY GOOD FROM YOU THAT YOU MAKE THIS VIDEO ABOUT COVERING AKNE.I HAVE GOT AKNE AND IT IS REALLY BAD FOR ME.
5545,love it
5603,"
skincarEkit.info"
5641,"
skincarEkit.info"
5696,"
skincarEkit.info"
5748,"
skincarEkit.info"
5795,YOU LOOK LIKE TAYLOR SWIFT!!!!!!
5810,brave girl
5839,"
skincarEkit.info"
5844,"
skincarEkit.info"
5853,Ooh my !
5859,Super
5909,Love u!!!
5953,I love ur eyes!
5995,You&#39;re cute
6066,"salute you!
"
6113,"Ur eyes... Uh... R 
Just.perfect."
6133,Your gorgeous
6169,Use proactive
6225,I mean very beautyfull
6259,Great! Thank you :-)
6285,"
skincarEkit.info"
6289,Nice
6296,"I FEEL WHAT YOU FEEL, I HAVE A LOTS OF PIMPLES TOO :&#39;("
6313,Thanks xoxo
6328,"
skincarEkit.info"
6337,"
skincarEkit.info"
6357,And 6:28
6377,"OMG. Youre so brave,"
6393,U look like a man
6419,"omg
"
6423,"YOUR AMAZING!
"
6435,you&#39;re gorgeous
6482,so much respect! 3
6492,"Beauttiful :)
"
6495,I love your eyes.
6496,:(
6498,YOUR BEAUTIFUL WITH AND WITHOUT MAKE UP
6520,YOU GO GIRL! 
6535,I like your confidence :)
6552,ugh.
6559,baaaaaahhhhh
6613,grooooooooooooooooooooooooooooooooooooooooooooooooooooss
6615,"OH MY GOD. WITHOUT MAKE LOOKS HORRIBLE IN MY OPINION. YOU NEED 100% MAKE UP........
"
6633,"you look like my but
"
6634,"you look bad
"
6661,@ JACOB. YOU&#39;RE PATHETIC!
6736,"Great video, your makeup looks flawless!"
6746,/watch?v=TJBR5IOLI7w 
6836,"
skincarEkit.info"
6846,Respect.
6855,It looks so cakey
6871,"i love your eyes!!!
"
6918,Omg
6947,YOUR EYES OMG YAS
6991,oh my
7048,"
skincarEkit.info"
7056,Omg:(
7094,Yikes
7102,YOU&#39;RE SO BEAUTIFUL!! x
7161,CHECK OUT MY HUGE GIVEAWAY ON MY CHANNEL!!!
7170,"Thank you so ,u"
7197,i love your eyes
7210,Respect!
7227,"Ur perfect &lt;3
"
7230,"nice....!!!!!!!!!!
"
7280,Wooooow
7296,"YOU&#39;RE BEAUTIFUL WITHOUT MAKEUP
"
7307,&lt;3!
7316,"Thank you Rafael&lt;3
"
7328,Proactive*? lol xD
7332,Try Proaktiv
7356,"YOU ARE BEAUTIFUL WITH OUT MAKE UP, TOO."
7385,Luv u
7388,"love your eyes
"
7392,Your gorg!!
7439,master .-.
7447,(&#39;:
7449,I love her.
7465,Subscribed:)
7478,you&#39;re*
7494,YOU ARE AMAZING! TKS!!!!! LORENA FROM ECUADOR
7562,Hi
7571,10:29 lol..
7572,Wooow
7623,you&#39;re*
7624,Thank you so much !
7625,Thank you so much !
7626,*your
7636,I LOVE YOU 3
7637,Fake bitch
7674,YOU ARE SO BRAVE
7697,Omg perfect covereg
7761,Girlpower
7764,"
skincarEkit.info"
7783,"
skincarEkit.info"
7807,._.
7849,I love u
7855,"
skincarEkit.info"
7874,"
skincarEkit.info"
7886,"
skincarEkit.info"
7918,try proactiv
7920,RESPEKT ! :)
8012,OoMmGg
8016,youre brave! keep going
8020,"
skincarEkit.info"
8029,Too much blush
8043,Omg
8071,She&#39;s gorgeous!
8072,Proactive
8120,Nice
8122,i like u..u r cute
8156,Inspiration
8165,Thanks ;)
8206,"you&#39;re gorgeous :)!
"
8223,"Congrats!!
"
8228,:]
8245,INCREIBLE
8246,Wow
8264,Thanks for sharing
8278,OH MY GOD :O
8289,OMG
8339,Ur a model
8361,you look like my mom
8362,She&#39;s gorgeous! &lt;3&lt;3
8363,Thank you
8376,IMPAKTADA
8420,AMAZING!
8462,YOU&#39;RE BEAUTIFUL WITHOUT MAKEUP!
8495,Wwwwwwwwoooooooooooowwwwwww
8528,If you stop using MAC face products
8559,YOU ARE SOOOOOOOOOOOOOOOOOOOOOOOO PRETTY!!!!!!!!!!!!!!!!!!
8566,hard luck!
8568,I love you so much &lt;3 
8573,LOVE your eyes!
8625,Check out my channel! :)
8645,If you keep putting mac
8649,Try proactiv
8668,Cool
8679,Ypu&#39;re gorgeous!
8692,Ugly bitch
8711,Check out our channel!:)
8760,God Bless You...
8763,You idiot
8790,wow
8793,gross
8835,gross.
8866,*eyes *you
8970,LoL
8994,Yeah
9006,"
skincarEkit.info"
9084,aww ure sweet..
9085,You&#39;re brave 3
9097,"ACNE 101

MY PAGE :)"
9102,Your gorgeous!
9132,"
skincarEkit.info"
9134,1:16 HOLY SHIT 
9138,Ur gorgeous!
9148,Cool
9150,"So cute, girl! 
OXXO&#39;s!! ;)"
9175,respect!!! mwahhhh
9226,UR So ORETTY
9227,wow!!
9239,YOU ARE SO BEAUTIFUL WITHOUT MAKE UP :*
9281,I love your eyes!!
9290,You rock&#39;s
9302,Me too
9316,INVESTIGATION DISCOVERY
9319,"me too
"
9380,You&#39;re so brave :)
9402,I&#39;m sorry ..
9408,You. Are. Gorgeous.
9415,Wahoo
9458,Respect!!! 
9475,:OO...
9493,Real respect x
9506,It looks terrible!
9535,Ugly man
9541,"
skincarEkit.info"
9546,I love ur eyes
9549,Im loving your eyes!
9585,"
skincarEkit.info"
9613,Like...nice
9666,ehh........
9691,woooow .............................
9755,"
skincarEkit.info"
9762,OMG YOU ARE SOSOSOSOSOSOSOSOSOSOSOOOOOOOOOOOOO PRETTY!
9835,"
skincarEkit.info"
9888,waw
9945,eeeeeeeeeeeeeeeeeeeeeeeeeeeeeeeeeeeeeeeeeeeeeeeeewwwwwwwwwwwww
10136,"
skincarEkit.info"
10184,"
skincarEkit.info"
10194,LOVE THIS U ARE TRULY BEAUTIFUL
10206,ecm2
10239,"U ARE BEAUTIFUL, U DON&#39;T NEED MAKE UP "
10270,"
skincarEkit.info"
10310,"
skincarEkit.info"
10348,"
skincarEkit.info"
10355,Love your eyes
10496,Woah. On your face?
10503,Advertising? Sure.
10512,"
skincarEkit.info"
10517,You&#39;re so brave ;)
10558,wow *__* 
10600,Wow!!!
10626,WHY SO MANY SKIN CARE DOT INFO ]:
10675,Wow
10688,she&#39;s like a princess
10728,QUIT SPAMMING
10750,Try bareMinerals
10775,wow
10776,Try proactive! Best advice
10791,"
skincarEkit.info"
10792,"PLEASE CHECK OUT MY TRANSFORMATION !! AND SUBSCRIBE 
WOULD MEAN ALOT . THANK YOU XXXX"
10811,hmmmmm.....
10845,Thank you
10887,Hilly
10940,"
skincarEkit.info"
10956,*new
10987,good
10989,Wow you&#39;re gorgeous
11027,"nice!!! 
"
11094,YOU ARE GORGEOUS
11169,U r gorgeous!(:
11175,be confident
11197,Ur gorg!
11234,"danggggggggggggg
"
11244,handsdown!
11263,Antibiotics! !
11300,"true

"
11352,dewet
11400,"
skincarEkit.info"
11410,Hej
11454,"my inspiration &lt;3
"
11458,Takes great courage!
11477,Good!
11511,Created*
11522,&lt;3
11544,You&#39;re so brave! 
11549,*subscribe
11590,Wow
11615,"wowwwwww :)
"
11629,&lt;3
11637,what? :o
11638,ur gorgeous! !
11641,"
skincarEkit.info"
11673,ewwwwww
11683,Hey your on TV!
11689,you&#39;re gorgeous! 
11706,Wow your gorgeous
11712,Wow
11717,"
skincarEkit.info"
11740,Yo
11746,"wow youre good
"
11775,18.183.785 views  WOW
11828,"
skincarEkit.info"
11839,ur gorgeous
11851,FUCK OFF TROLL
11869,your eyes &lt;33
11892,Make me 
11897,STFU
11898,Gorgeous &lt;3
11900,eww 
11905,Your eyes
11913,"
skincarEkit.info"
11917,I subscribed! :)
11952,my biggest fan&lt;3
11955,It
11962,Great video
11997,Awwhhh-3
11999,"wowowowowo
"
12025,Wow!
12061,"
skincarEkit.info"
12132,"
skincarEkit.info"
12149,"RESPECT
"
12170,So good
12178,Did u
12198,WOW!! NICE! 
12219,"
skincarEkit.info"
12230,Your my fave
12235,So brave?
12249,You&#39;re sooo brave...
12257,STOP SPAMMING ABOUT THIS SHIT
12283,you&#39;re so brave &lt;3
12313,ooooooooooooh!!!
12314,Thank you!*
12319,"brave girl
"
12324,foda-se
12328,"
skincarEkit.info"
12338,Wow!!!!
12339,TRY WITH MILK OF MAGNESIA AFTER YOUR MAKEUP :) CONGRATS FROM CHILE
12362,Your eyes....*.*
12417,"
skincarEkit.info"
12431,Omg.
12488,YOURE BEAUTIFUL. &lt;3 AND YOU&#39;RE AMAZING FOR MAKING THIS VIDEO.
12517,u r great
12520,"gorgeous!!!!!! natural beauty
"
12527,cool
12563,Like;)
12592,She&#39;s*
12596,Wow! Russian SUBs!
12623,WTF
12636,I love your eyes
12677,Perf.
12691,your eyes&gt;&gt;&gt;
12697,Good!!!
12723,Wow
12724,Aren&#39;t you orange?
12761,Total respect
12762,Girl&quot;
12771,"omg, it&#39;s like magic
"
12831,U r beuatiful
12868,You&#39;re my hero... 
12869,Wow
12886,Wooow
12887,1:15 SHOCKING !!
12892,Cool
12934,"
skincarEkit.info"
12949,Shit
13009,I like your eyes
13010,THOSE EYESSSSSSSS OMG
13043,I like your eyes .
13056,I -3 ur eyes :)
13058,OMG!!!!!!! WITH YOUR MAKEUP YOU LOOK LIKE TAYLOR SWIFT!
13069,so brave
13084,Chemical peel!!!!
13132,I do
13150,"Hellooooooo!!!!!
"
13160,nice
13174,wow your popular
13182,"u r number 1
"
13219,"
skincarEkit.info"
13238,I love you :)
13257,SUBSCRIBED! :) I LOVE YOU! :D
13282,Hi Taylor
13286,Ghh
13343,respect
13357,"GIVEAWAY IN MY CHANNEL
CHECK IT OUT!"
13366,*skin
13412,"did you say utah??
"
13417,It
13472,Y-you too?
13485,cake face
13501,nice!
13569,*!!!
13589,You
13614,Thanking for
13625,-3
13634,omg! ew:(
13704,"
skincarEkit.info"
13711,eww
13732,Flawless!
13736,you&#39;re gorgeous
13755,thumbs up!
13782,WHAT A DIFFERENCE!!!!!!!! 
13786,Your eyes! O: &lt;3
13837,"
skincarEkit.info"
13891,Wow.....
13926,NO.
13943,FACE IN MAKE UP !!!
13997,Love your vids!
14036,B.E.A.U.T.I.F.U.L
14061,BEAUTIFUL LADY!!
14066,you&#39;re gorgeous (:
14082,WHAT IS THAT GREEN STOF ON YOUR FACE
14083,GO IN YOUR ROOM
14086,WHAT! WHAT HAPPENED!
14089,Your gorgeous
14094,YOU ARE BEAUTIFUL WITHOUT MAKEUP!!!!!!!!!! DONT BE AFRAID TO BE YOURSELF
14129,O.m.g
14158,So.much.foundation.
14178,OMG IS MAGIC ?
14200,chill
14208,I like you. You
14243,Very courageous!
14246,Wow
14270,so brave
14328,So brave..support u
14365,YOU ARE BEAUTIFUL 
14416,respect
14417,Omg -.-
14434,"perfect
"
14437,Wow
14438,BORING
14439,RESPECT!!! :D
14445,Visit my channel!!
14492,You&#39;re absolutely perfect.
14493,PROACTIVE BABBY! lol
14501,ROACUTAN!
14507,YOU LOOK LIKE TAYLOR SWIFT !!!
14529,Hey
14544,GORGEOUS!!
14563,"DANG UR PRETTY!!!!!!!!!!!
"
14573,God! So brave!!
14579,"wow girl
"
14589,You&#39;re gorgeous :)
14599,"So beauty :D
"
14607,MakeupHERO!! :)
14608,works*
14661,GOD YOU ARE PRETTY
14713,"YOU ARE VERY INSPIRING, AND VERY BRAVE FOR POSTING THIS. I LOVE YOU/"
14736,No JOKE
14739,Check out my channel!!
14747,you&#39;re so STRONG &lt;3
14780,YOUR EYES ARE BEAUTIFUL OMG
14801,use proactive... it REALLY helps!
14807,Work*
14812,Omg looove your eyes!
14825,wow! very impressive
14826,OH MY FUCKING GOD
14843,I love your eyes!!
14846,Giraffe
14849,She.looks.just like taylor.swift
14854,your beautyfull muy bonita.
14870,I LOVE your smile &lt;3
14887,SO BEAUTIFUL !!!!!!!!!!!!!!!!!!!!!!!!!!!! &lt;3 
14895,I LOVEEEEEEEE THIS VIDEO I CAN WATCH IT OVER AND OVER U DID AN AMAZING JOB I SUBSCRIBED TO UR CHANNEL
14904,BEEE-U-TIFULL! &lt;333333333333
14909,WOW
14910,i love your eyes &lt;3
14969,WOW
14997,STOP USING SO MUCH MAKEUP IT&#39;S BAD FOR YOUR SKIN
15005,Wow
15024,WOW
15031,you look beautyful.
15038,@april walsh
15077,"PANGET
"
15092,Your eyes &lt;3
15118,Great video!
15150,I wish I had your confidence :)
15173,girl your gorgeous
15182,ROACUTAN!
15192,Inspiring !!!!!!!
15220,CANNOT BE UNSEEN 0.0
15222,Very good!
15253,Respect.
15256,"woah:0

respect:0"
15258,Thanks for sharing. Ur gorgeous
15268,Respect.
15273,I solute you lol
15277,fuck acne
15292,To
15297,Your Brave!! :D 
15319,Stay strong!~
15324,AMAZING ! . ^_^
15358,thanks
15428,wow
15432,Brushes!!!
15449,Brave girl!
15495,YOU ARE BEAUTIFULLLLLLLLLLLLLLLLL.
15504,Check out my chanel
15526,Use proactive
15538,"Your Eyes *________________*
"
15543,omg
15546,YOUR EYES ARE GOURGOUS! 
15575,Ugly.
15582,"O_O IT&#39;S A TRAP !
"
15596,Respect !(:
15640,"hunny
"
15683,You so beautyful :)))&lt;3
15727,I love your eyes
15764,much respect!
15768,*ur face
15784,"Awwh,"
15830,1:16 Oo WTF
15832,1:16 Oo WTF
15862,don&#39;t cover
15935,"*facepalm*
"
15947,"Nossa
"
15951,I love you hhahah
15952,YOU ARE SO FUKIN CUTE 
15955,U R SO PRETTY!!!
15978,respect !
15996,"
skincarEkit.info"
16004,YOU LOOK LIKE LIAM NEESONâ€™S DAUGHTER IN TAKEN. 
16021,"very brave!!!! video
"
16056,Thank you! &lt;3
16113,WtF...
16171,awww :)
16183,Sorry
16233,Hi
16234,Thank you lovely!! &lt;3
16257,your eyes &gt;&gt;&gt;&gt;&gt;
16278,be proactive :D
16286,@kelless88
16288,*for
16365,I love your eyes!
16366,Nice house xd
16378,Ur sweet
16409,Pure transformation...
16425,Your
16438,Great video I like your make up
16441,OMG !!!
16451,Try proactive
16487,THANK YOU FOR SUBCRIBE  :)
16518,use madecassol cream
16520,Love it
16555,You&#39;re gorgeous girl! Wo
16580,Ummm.. Your eyebrow..
16585,That&#39;s mean
16588,Have you tried Solodyn?
16685,Mind=Blown
16701,YOU ARE SOOO PRETTY WITH OR WITHOUT MAKE UP
16703,"cool
"
16729,"Great Video!!
"
16733,Cool
16759,Love u
16782,Are you using just MAC??? (products)
16789,Wow
16816,YOUR EYES ARE LIKE THE FREAKING MOST BEAUTIFUL THINGS I&#39;VE EVER SEEN.
16820,"beat acne
SkinCareKit.info"
16851,dude.... chill......
16873,YOU NEED TO VISIT acne.org IT WORKS WONDERS! 
16892,Thanks I love it!
16895,You speak so fast!
16903,marry me
16971,troll.
16986,You&#39;re cute
16998,why?
17002,POWDER GIRL!
17017,BAKA
17046,cc
17049,So brave :)
17059,respect 
17113,WOW! I&#39;m your fan &lt;3 :3
17135,Paint bucket !
17150,"ACNE.ORG
SAVE UR LIFE"
17161,Ur gorgeous
17186,Champ
17207,R E S P E C T!
17213,GO TO THE FU**** BEACH !!!!
17248,"does it hurt?
"
17251,"you&#39;re so brave girl
"
17261,U&#39;re Brave
17296,i &lt;3 makeup
17346,HELLO
17360,Ihhhhh
17363,great 
17367,*so
17377,So brave &lt;3 you&#39;re gorgeous
17396,"i like your brave!!
"
17422,&lt;333
17424,"WITH EYES LIKE THAT YOU DON&#39;T NEED ANYTHING, YOU&#39;RE SO BEATIFUL!!"
17443,Sad ..
17454,"SHES WAY PRETTIER WITHOUT MAKE UP...ITS MORE NATURAL AND WHEN SHES OLDER,THAT MAKE UP&#39;S GONNA RUIN HER FACE"
17461,wowwwwww
17469,rude! 
17474,omg
17478,are you?
17505,salute!
17526,Your gorgeous! 
17544,You&#39;re inspiring.
17552,acnetreatmenthome
17560,She&#39;s so brave. I respect you so much.
17595,acne.org
17639,"ur mean
"
17645,You&#39;re fake.
17647,Your beauy
17657,You look like t swiftly
17659,"I like your eyes! ;)
"
17673,great video
17687,*World*
17731,Your gorgeous
17811,Yes.
17879,Brave = respect
17900,*Seen
17905,:)
17921,OMG!! &lt;3
17929,Aha
17963,"i like it .
"
18004,*it
18014,Ur brave :)
18072,I love your eyes:)
18078,Plastic*
18080,why
18093,"gorgeous
"
18123,You&#39;re so brave. :)
18125,&quot;Lol&quot; at your immaturity.
18133,:)
18175,OMG ..
18192,I SWEAR YOU ARE AMAZING. 
18195,"respect!
"
18216,Thankyou so much love you
18228,respect
18231,Thank you. SO SO much
18262,Makeup*
18267,You&#39;re so cute!
18273,Great video!
18308,Bingo!
18323,Gorgeous.
18324,"Yes, a hot ass mess."
18334,good:-)
18342,Nice
18365,you&#39;re so PRETTY!!! :)
18376,Great video!
18393,LIK DIS IF U CRY EVERTIM
18397,Bitch looks like Darth Maul
18399,"aware
"
18540,:)
18541,wow
18589,STAY STRONG.
18606,OMG TRY ACNE.ORG REGIMEN WORKS FREAKIN WONDERS!!!!
18620,Thank u! :)
18635,DON&#39;T FEEL INSECURE! EVERYBODY IS BEAUTIFUL IN THEIR OWN WAY! 
18636,My God. It&#39;s like magic
18665,omh :((
18667,You.. Are my new hero!
18670,"you helped me!!!!
"
18680,"Omfg,i love your eyes !! "
18686,"I love your eyes
"
18688,omg
18692,Perfect
18706,Thanks for sharing
18837,fuck you
18860,Thanks for your video... U r good
18879,YOU ARE A DAMN BRAVE WOMAN!!!!!!
18898,No Need For Lying !
18927,you&#39;re a hero
18938,"es hermosa
"
18965,IM IN LOVE WITH YOUR EYES
18980,Gorgeous
19016,You&#39;re so brave!!
19031,Ur SOOOO brave
19038,wow youre great
19057,Linda
19116,good video
19135,i love ur eyebrows &lt;3
19212,Bravo!
19219,Natural Beauty
19225,Troll. 
19277,ur gorgeous :)
19293,"THAT IS U NADIA CH Y U BEING SO MEAN
"
19296,PEOPLE WHO SAID TAT ARE GOING TO HAVE ANCE ONCE IN A LIFE TIME BITCH WHO KEEP MESSING AROUND HER AND U GUYS ARE NT PRETTIER THAN HER SO THIS IT TO BITCHES WHO MEAN
19302,I just love you! 
19340,i love your eyes 
19352,&lt;3
19386,Way cakey.
19394,your gorgeous &lt;3 
19403,CHECK OUT MY CHANNEL IF YOU HAVE THE CHANCE!!!! =)
19465,YOU&#39;RE THE BOMB DOT COM &lt;3
19468,ROACUTAN!
19472,OMG. I FEEL YOUR PAIN ONLY THAT I WALK ABOUT WITH THAT PIMPLESSSS. OMG.
19474,"So magic:)
"
19483,great
19496,You&#39;re a hero
19503,I love you
19517,gtfo :-)
19521,Respect
19551,You
19568,omg
19576,flawless!
19596,You*
19635,Demodex?
19655,"&lt;3!
"
19663,same
19682,shoon
19687,respect for you !
19727,YOU ARE BEAUTIFUL! :)
19756,:)
19767,nope
19769,Mom*
19784,"0MG....!
"
19805,??
19806,my baby
19818,"WOW!
"
19836,Sephora. 
19841,Proactive
19862,You&#39;re absolutely gorgeous!
19931,Wtf you look hot
19985,fake
20010,"YOUR  BEAUTIFUL FLAWLESS BRAVE.
"
20031,POWER OF MAKEUP :0
20046,"ty
"
20047,I REALLY LOVE UR EYES !!!
20050,Lip shaping
20057,your strong &lt;3
20065,Your brave !
20068,"THE POWER OF MAKEUP 
"
20076,Your GORGEOUS!!!! N/H
20110,O.O
20135,Photoshop for real life
20235,YOU R SUPER SUPER CUTE
20237,I FEEL SORRY FOR YOU 
20251,I love your eyebrows!
20262,WHOA&gt;
20264,:O Your eyes.
20299,Your eyes*_*
20310,Beauty!
20370,i love your eyes!
20421,great !
20422,I loooove your eyes !!
20454,u look like tswift.
20478,incroyable ! 
20531,YOU ARE SO BEAUTIFUL! :) 
20534,"keep pressing 0 
lol"
20536,"YOU ARE BEAUTIFUL !!!!!
 "
20565,on 6:20
20600,"THAT&#39;S FREAKING AWESOME.!!
_ YOUR GORGEOUS "
20631,Ooh
20639,*embarassed
20646,DEMODEX!
20655,brave girl :)
20663,Wow
20685,For*
20713,wash your face
20722,I love your eyes :O 
20727,BITCH U UGLY AS SHIT
20736,wow
20747,acne sucks
20759,YOUR BEAUTIFUL! WITH AND WITHOUT!
20770,wow!
20772,nice 
20787,Gorgeus.
20801,So brave.
20828,OMG O.O
20865,Wow! :))))))))))))))))))))))))
20872,Great!
20884,"GOSH :o
"
20956,your gorgeous
20966,oh shut up...
20973,"great video!!
"
20978,Out makeup ^^
20985,YOU ARE SO BRAVE.....I HAVE ACNE........I FEEL SO INSECURE WITH ME FACE..........SOMETIMES I NEED STAY IN HOME ALONE.............YOU ARE SO PRETTY..
21009,:O
21018,XD Americans...
21077,respect!
21153,"ur gorgeous
"
21164,YOU ARE BEAUTIFUL
21171,YOU IS VEEEEEEEEEEEEEEEEEEEEEEEERY BEAUTIFUL 
21173,SO much foundation!!!!!!!!!!!!!!
21228,"ya
"
21239,2:41 so cute..lol
21257,WOW!
21269,NOT FAKE
21270,"FAKE
"
21340,"MARRY ME!?
"
21347,Shut up
21407,COME LOOK AT MY UGLY BEFORE &amp; AFTER Transformation video...  I AM SO UGLY I WANT TO COMMIT SUICIDE 
21409,CHECK OUT MY DRUG STORE CONCEALER VIDEO!!! ;)
21461,Your cute
21467,"Try Murad
"
21478,Sup Laura?:D
21557,mentira
21564,I THINK YOU&#39;RE BEAUTIFUL :)
21576,"wow.. you are
"
21620,bullshit :)
21622,supermoney.eu.tc
21639,hey........
21650,HEEEY SEXY LADYYYYYYYYYYYYY ;D
21653,CONGRATS ON BEING FEATURED  IN GLAMOUR!!!!
21664,nawwwwwwh!
21679,what.....
21688,"You&#39;re gorgeous
"
21736,Wow
21737,no
21756,ur BUEATIFUL
21770,0:12
21796,thank you!
21804,I love your EYES :D
21816,thanks:)
21817,Great vid! 
21818,Very Good ! 
21845,super!
21880,Tooooooo much make-up. 
21893,:)
21912,right
21932,I like you =)
21939,THOSE EYES
21966,very gooooooooooooooooooodddddddddddddddddddddddd
21972,you&#39;re so brave :)
21981,"UR SO BRAVE!,,  AND BEAUTIFUL!!! REGAURDLESS IF U HAVE MAKEUP OR NOT!"
21995,IMPOSSIBRU!!!
22024,&lt;3
22065,hot girl
22066,"so true
"
22073,Wow.  Great vid.
22075,Waterproof makeup PLEASE!
22086,wow
22096,I commend you
22103,Has***
22118,-3
22161,ultimate bravery
22174,MARVELOUS  VIDEO.
22176,THANK YOU SOOOOOOOO MUCH!!!!!!!!!!!!
22182,i love you! You&#39;re so brave!
22191,"OMG YOU ARE SO BEAUTIFUL !
I LOOOOOOOOOOOOOVEEEEE YOU EYES !!!"
22248,Great video!
22252,awwwwww
22300,"Use proactive.
"
22372,":)
"
22392,Your gorgeous!&lt;3
22477,Hfjchdfk
22487,YOU&#39;RE BEAUTIFUL.
22508,coooooooool :)
22556,WOW!! UR REALLY A GORGEOUS GIRL!
22575,Type you idiot.
22576,WOAH!!!
22595,wow!
22622,"you. are. gorgeous.
 "
22675,supermoney.eu.tc
22679,Hottie!!!!
22733,wheeeww THE POWER OF MAKEUP :0
22752,HOLY SHIT! It&#39;s like a mask! !!!!
22766,Brave. 
22768,YOU&#39;RE BEAUTIFUL.
22776,"great video
"
22820,CHECK OUT MY GIVEAWAY!
22825,Thank you so much!!
22851,"YOU&#39;RE BEAUTIFUL NO MAKEUP NEEDED.  HOWEVER, UPDATE YOUR FURNITURE IT WAS HARD WATCHING WITH THE OUTDATED BACKGROUND. NO OFFENSE. :))
"
22867,I just love your eyes &lt;3
22868,PERVERTED MORON
22894,wow
22913,YOUR STUNNING.!!!! &lt;3
22918,Thanks. (:
22921,Get proactive
22950,I love your eyes!
22951,so brave!
22979,Your AMAZING !!!
22999,U R A BEAUTY DOLL! 
23005,PLEASE... Clean your nose ._____.UUUU
23006,You&#39;re gorgeous!
23019,"Your&#39;e absolutely gorgeous!
"
23044,She&#39;s so brave &lt;3 
23062,It&#39;s like magic!
23103,"AMAZING YOU CAN COVER IT UP BUT ITS LIKE LIVING UNDER A MASK.
ITS SAD BUT VERY VERY INNOVATIVE FOR SURE."
23114,WOW!!  YOU GO!!!
23135,Wowww!
23144,Can I marry you? 
23162,thank you sooooo much.
23165,YOU ARE BEAUTIFUL
23187,AWESOOOOME!!!
23226,I love you !!!
23307,YOUR VIDEO WAS POSTED ON THE HUFFINGTON POST WEBSITE! AND CONGRATS!
23327,OMG YOU HAVE SUCH AMAZING EYES!!! SUPER JEALOUS!
23337,Can I just say your my hero? :-)
23346,:)
23367,You&#39;re gorgeous!!
23374,acne sucks :( 
23377,you&#39;re beautfiul:)
23411,"VIRONEEEEE !!!! 
"
23454,You&#39;re my hero. Bye.
23457,Love it
23477,SOOOO YOUR ON MSN!!!!!!!
23485,You&#39;re so beatiful &lt;3 
23515,Nice
23522,U R SO SEXY!!!!
23525,You&#39;re BEAUTIFUL w/o makeup.
23527,Nice.. :D 
23531,U r Model???
23537,"ROACCUTANE
"
23568,strong .
23583,try proactive 
23601,PROTV sent me here!
23640,I LOVE YOU.&lt;3
23646,ELF sent me here :))
23681,Your eyes O.O Wow...
23800,Makeup master
23837,:D
23848,proactive
23859,already got one :D
23874,THANK YOU!!
23894,..Meh.
23896,*offence
23956,0.o
24011,You&#39;re soooooo BEAUTIFUL.. &lt;3
24045,woooooow
24056,"&lt;3
"
24058,true
24089,Looove you! &lt;3 
24095,ew
24099,So much makeup
24113,Wow!!!!!!!
24114,"ARE YOU BLIND???
"
24115,1:16 HOLY FUCK!
24139,Inspirational
24157,-.-
24228,Thanks :) 
24245,Magic!
24280,girl you&#39;re BEAUTIFUL!!! &lt;3
24331,YOU ARE SOOOOOOOOOO STUNNING WITH OR WITH OUT MAKEUP AND THIS IS TWO YEARS LATE BUT WHATEVER YOU INSPIRE ME &lt;3
24341,YOU&#39;RE VERY VERY BRAVE!!! 
24348,admiration.
24395,inspiring #
24398,"Whoop, my bad I mean insecurity.."
24406,y look REALLY NICE
24424,You&#39;re beatiful 
24450,Thank you so much!!!!
24481,"STIMA, CARA :)"
24487,"use proactive. 
"
24494,youtubedotcom/partner
24499,you&#39;re absolutely BEAUTIFUL! &lt;3
24509,I READ ABOUT HER ON SEVENTEEN MAGAZINE!
24544,YOU HAVE THE MOST BEAUTIFUL EYES IVE EVER SEEN!!!
24565,&lt;3
24623,OMG you eyes &lt;3
24672,you&#39;re so brave. 
24694,:)*
24728,your good
24733,U&#39;RE REALLY BEAUTIFUL AND BRAVE! 
24739,MY INSPIRATION &lt;3
24760,"nossssssa
"
24826,are you naked
24835,THANKS!!!!!!!!!!!!!!!!!!!!!!!!!!!!!!!!!!!!!!!!!!
24847,I Love Ur Living Room! :)
24874,oooo F*** ! :D respect
24878,*so
24880,alotlotlot respect :))
24881,o.o
24882,wow !!
24921,*you&#39;re
24934,I love ur eyes
24971,But good luck!!
24985,1st comment
24987,Thank you
24990,All=or
24994,Brave
25043,R E S P E C T !!
25046,WOW!
25048,respect!!!!!!!!!!
25078,"u r brave
"
25156,"nice girl:)
"
25181,yea! right....
25186,Woah.
25190,Are you single
25200,"KO
"
25249,OH MY GOD!!! 
25266,5:41 lol
25268,AND my grandma&#39;s birthday!
25269,oh my gosh my birthday too!(:
25313,Oh my God
25333,respect !!!
25340,"respect for you
"
25344,lawls xD
25364,TRY BURT&#39;S BEES ACNE SOLUTION
25391,I LOVE YOUR EYES !!!!!
25403,WOW
25426,i&#39;m french
25443,OMG
25475,I love you
25528,YOU ARE AMAZING!!!!!....
25578,bacteria.....
25592,hi
25606,viral!
25692,So many layers
25720,Huggggggg
25725,GREAT JOB!
25732,ERES HERMOSA!!!!!! *-*
25738,WOW
25759,miracle!!!
25768,&lt;3
25788,oh ! my good 
25815,"
DONT TOUCH YOUR FACE SO HARD
"
25816,soo good
25843,Acne*
25857,i love you. ok
25865,Stupid video.
25866,Thanks 
25978,I&#39;m subscribing!!!
25992,I made my first foundation video :D!! 
26026,You&#39;re My Biggest Inspiration. 
26039,"Almost 10,000,000 views! Wow Cass!"
26050,0-0
26052,youre gorgeous &lt;3 
26104,:d
26120,Oh God Why??
26123,GREAT JOB!!!!!!!!!!!!!!!!!!!!!!! 
26128,"acne.org
"
26148,"YOUR FUCKING ARITIFICAL
"
26242,i  cried 4 u
26256,Very brave! Love it!!!
26272,love your video :3
26300,Sorry
26309,girl your gorgeous.
26317,"omg
"
26335,LIAR D:&lt;
26336,"Almost 10,000,000 views!!!!"
26359,Brave &lt;3 
26362,RESPECT! &lt;3
26375,"I LOVE YOU, GOOD JOB :D"
26397,Wow!
26411,No.
26417,gtfo
26450,YOU SO BRAVE
26475,OMG! You&#39;re gorgeous!
26489,"So brave. :)
"
26509,"Omg 10,000,000 views!"
26554,LOOOOOOOOOOLLLLLL!!!
26568,Your eyes! -3
26579,Your inspirational .. Great video
26585,woooow
26600,you&#39;re my inspiration.
26602,U rock!
26611,i love your makeup 
26622,I&#39;m your fan :X Keep moving 4ward girl ;))
26632,&lt;3
26655,brave
26664,i love your eyes xD
26700,FAKE AND GAY
26710,gorgeous !
26719,I love you..!
26735,stay strong!
26799,._____.
26802,"so brave
"
26819,BB CREAM! 
26838,Your brave!
26847,omg!!!
26859,woooooooooooooow
26872,Your gorgeous!
26957,19 x
26961,to much!!!
26995,Very good !
27001,Wow!
27013,"1D fan, hello. :p"
27037,Omg... Thank you so muchhh!
27039,puls 4 :)
27115,"I Love You: So Brave!!

"
27116,"Respect.!
"
27127,subscribed :)
27172,......
27181,nice.
27185,WITCHCRAFT!
27190,Brave
27208,"Respect, girl!! "
27238,Thank you
27247,Respect :) 
27250,you. are. brave.
27290,"Like x 1,000"
27296,wow!!!
27350,*Milder
27359,I LOVE YOUR EYELASHES :3
27362,LOL!
27374,(:
27413,i love your video =)
27437,Wow....
27462,wtf?
27590,"ohh my good!
"
27595,Use proactiv
27598,&lt;3
27604,"I respect you so, so much. "
27606,Ups.
27675,you&#39;re gorgeous -333
27677,4:46
27724,omg shocking
27728,so brave
27732,LOL
27735,blow your nose
27743,ur gorgeoussssss
27753,3. Gorgeous straight teeth
27766,AGREE
27810,Lol
27875,Muy buenooooooooo....
27947,YOU&#39;RE AMAZING
27972,"wow :DD

"
27991,lol
28015,you look like crap
28075,LOVE IT!
28125,you&#39;re so brave :)))))
28129,*apply
28156,Your my inspiration -3
28162,you&#39;re absolutely right!!!
28217,I love your eyes !
28221,Omg
28317,Thanks!!!
28363,thank you 
28401,bomboclattt!!!!!!!!
28460,I subscribed!
28488,You&#39;re gorgeous.
28498,YOU ARE SO BEAUTIFUL &lt;3
28499,I love your eyes.
28506,respect 
28507,OMG I HATE YOU!!!!.... your gorgeous 
28518,magic..
28534,Subscribed :) bravo
28560,wtf ?
28613,dick
28640,OMG YES!!
28656,ONE DIRECTION FOR THE WIN!!! 
28688,YOU ARE BEAUTIFUL WITH AND WITHOUT MAKEUP :)
28725,lmfaoo 
28726,Rude!
28736,OH. MY. GOSH. I LOVE YOU. YOU ARE AMAZING.
28794,Eyes &lt;3
28796,OMG THIS EYES
28804,"for real
"
28805,respect
28820,"great!
"
28833,GRANDIOSA! 
28858,"oh come on, you&#39;re gorgeous!! "
28884,OMG ! WHAT SORCERY IS THIS ??
28930,:O
28939,you need doctor
28940,i love your eyes :D
28970,"FUCK ACNE!!!!!
"
29052,Nice Teeth.
29073, a-a-a-a-A-A-A-A-A-AMAZING!!!
29074,Very Brave!!!!
29080,&lt;3
29130,"your eyes *_*
"
29160,MAKEUP QUEEEEEEN!!! 
29170,O M G 
29172,&quot;you&#39;re&quot;
29183,i love you.
29236,"APRES
"
29261,foundation viral. 8.500.000 hit...
29269,"YOU
ARE
BEATUTIFUL
!!!!!!!!!!!!!!

PLS TAKE ROACUTAN&quot; AND BE MORE BEATIFUL THAN U ARE NOW"
29300,OMG!
29312,ROACUTAN just it!
29323,YOU&#39;RE BEAUTIFUL &lt;3
29330,amen! ^_^
29340,"wow
"
29383,You&#39;re a bad person. . . 
29407,HERMOSA!!!!!!!!!!
29470,WHAT?! NO JOKE YOU ARE MOST DEF A BEAUTIFUL WOMAN!!! 
29520,R.E.S.P.E.C.T !!!
29567,acne.org !!!!
29588,"visit my channel
"
29630,Youre great.
29648,impressive!! 
29655,omg omg omg
29657,magic.
29660,OMGOD
29663,MOTHER OF MAKEUP!!!!!!!!!!!!!!
29682,Relate.. :(
29697,YOU GO GIRL! ^^
29739,"stupid girl
"
29760,CARALHO!
29792,YES BUT SHE IS FROM A RICH FAMILY WHY WOULD SHE MARRY A FAT SLOB WITH NO MONEY?
29863,WHY NOT WEAR A BURKA?
29893,YOU ARE BEAUTIFUL WITH OR WITHOUT YOUR MAKEUP!
29938,much love
29968,"Tearing up, ugggh. Much love &lt;3"
29974,I like your video!
29978,Wow
29995,ur gorgeous
30039,Good video! Thanks for posting!
30042,"your*
"
30045,You&#39;re gorgeous
30065,=[[[[[[[[[=[[[[[[[[[=[[[[[[[[[[[[[[[
30072,respect girl! 
30076,"Hey, sister. You&#39;re BEAUTIFUL."
30080,-3
30090,You&#39;re*
30096,YOU ARE SUCH A BEAUTIFUL WOMAN! =) &lt;3
30118,your gorgeoous
30169,Wow. :)
30251,ouch :(
30271,i love your eyes!
30294,"00:00  WOWWWWW! :$ &lt;3
02:00 WHAT HAPPENED?!
"
30296,magical;O xoxo
30361,YOU ARE MY HERO!!! 
30366,You&#39;re GORGEOUS!!
30371,OMG
30379,"Wow, fuck you. "
30394,Wow
30403,Wow
30408,YOU ARE SO BEAUTIFUL WITHOUT MAKEUP!!!!!!!
30432,YOUR AWESOME!!!!
30437,YOUR BEAUTIFUL WITH AND WITHOUT MAKEUP -3
30452,i love you!!!
30488,I LOVE YOU!
30493,"Thank you so much!
"
30501,Your gorgeous! 
30528,ITS MAGIC :O
30564,i love your eyes &lt;3
30574,shut typing
30575,thank you
30595,GIRL UR AWSOME  
30604,RESPECT FOR YOU 
30613,shut up
30631,STAY STRONG! &lt;3
30660,...
30661,nice
30665,You&#39;re my hero.
30667,"insecure much?
bitch..."
30705,You look BEAUTIFUL! :)!
30732,Wow. Ur good girl
30746,UR WAY TOO PRETTY 
30750,Fuck you!!
30763,you&#39;re so mean ! ....
30781,people like you disgust me. 
30787,gorgeous! 
30854,YOU ARE A BEAUTIFUL GIRL !!!!!!! &lt;3
30885,"i subscribe
"
30894,STIMA
30954,you&#39;re gorgeous &lt;3
30968,Drink water
30985,same here -_-
31002,"bravo for courage !!
"
31042,I LOVE YOUR EYES :)
31052,inspiring!
31066,Love you!!
31071,(&amp;hearts)
31089,U ARE BEAUTIFUL!!!! makeup or not.:)
31125,"6:05
"
31133,Your real face ?
31176,you inspired me alot :&#39;)
31212,"... mind blown
"
31230,"Uau!
"
31252,beauty.
31261,Great comment.
31266,thank you
31272,You Are My Inspiration -33
31314,ME ENKANTA STE VIDEO MUYY BUENO GOOD
31382,ohhhhhhhhh 
31386,"WOW!
Respect! *-*"
31387,you&#39;re SO cool!
31401,cakey.
31411,great video! 
31525,Wtf transformers makeup
31532,UR GERGOUS GIRL!!!
31552,dont sorry ...
31555,YOUR SO PRETTY WITHOUT MAKEUP!
31567,YOU ARE BEAUTIFUL
31575,YOU ARE GORGEOUS WITHOUT MAKEUP!!!!
31584,omg
31590,I&#39;m h
31595,"YOU ARE BEAUTIFUL, WITH OR WITHOUT MAKE UP ! "
31601,"Wow! Impressive :) 
"
31605,meow-w-w :) !!!!
31607,"wow, youre a beaut babe."
31629,"WOW, REALLY"
31653,"it starts @ 2:10!!
"
31678,YOU ARE BEAUTIFUL.
31681,Girl you rock!!!! 
31701,WOW.
31814,HOLY SHIT. ur good.
31835,"i respect you so much! 
"
31868,THANCKS BEAUTIFUL ON KISS BYE
31901,YOU WERE ON THE INSIDERRR
31917,"MUY LINDA!
"
31934,o  m  f  g...
31948,thank you
31952,wow great ! :*
31986,YOUR A MONSTER
31995,i love you;D
32044,:O MAGIC
32123,Thank you
32130,At first
32145,"ITS NOT BAD
"
32165,*knew not new
32181,youre gorgeous! 
32226,"TRY COVER-FX ITS THE BEST!!!
"
32321,ur TRULY AMAZING
32340,Good morning America!!
32390,your eyes &lt;3
32419,WHOA!!
32436,Omg
32517,"&lt;3
"
32540,you look hideous
32574,yahoo made me come here
32582,why
32602,"Same here.
"
32613,BEAUTIFUL!!!!!!! Thank you!!!!! 
32627,MARRY ME PLS!
32635,HOLY SHIT!
32648,"THANK YOU FOR SPREADING THE TRUTH!!
"
32661,you&#39;re gorgeous
32698,Wow
32815,So much makeup...
32824,I don&#39;t
32827,so brave!
32847,gross
32860,PLEASE SUPPORT MY BEAUTY CHANNEL &lt;33
32875,"Yikes!
"
33072,3/10
33095,YOU ARE AMAZING WHIT OR WHITOUT MAKEUP  
33129,&lt;3
33133,Your eyes&lt;3
33142,"YOUR SO SO SOOOO BEAUTIFUL!!!!! MAKEUP OR NOT
"
33185,wow...&lt;3
33218,I LOVE ur eyes!
33253,woahhhhhhh o_o 
33274,"FUCK YOU.
"
33297,I LOVE YOU!
33320,SHUT UP ARROGANT.
33330,Inspiring !
33331,you just...inspired me :)
33338,awww hunny &lt;3 ur gawjus :) 
33340,SIMPLESMENTE DEMAIS!!!
33346,Acne sucks.
33354,very brave:) subbed!
33362,I love you! xx
33423,wow  O.o
33424,I love YOU!!!!!
33433,hiiiiiiii
33450,"nice :)
"
33456,thnx sweety :))
33464,"YOU ARE TRULY BEAUTIFUL WITHOUT MAKE UP, HONESTLY, YOU ARE BEAUTIFUL"
33472,*-3
33479,YOUR BEAUTIFUL W/O MAKEUP GIRL!
33495,"ewww
"
33512,you&#39;re BEAUTIFUL 
33526,Woww
33528,wow
33554,&lt;3
33582,your eyes &lt;3
33601,Proactiv?
33612,"Aw, you&#39;re so brave! x x"
33647,omg! :D
33648,B.E.A.U.T.I.F.U.L
33659,AMAZING INSPIRATION :D
33663,wow!
33668,UR BEAUTIFUL*
33680,"YOU ARE BEAUTIFUL!
"
33696,"ERES REALMENTE LINDA....GRACIAS AMIGA TIENES MSN?
"
33705,Wooooooowww
33708,"THIS VIDEO IS AMAZINGG
"
33715,"love u!

"
33737,magic
33755,i know
33768,"your inspirational &lt;3
"
33778,Proactive helps
33813,YOUR MY HERO. 
33843,taff!! :D
33853,"hun, too much contour."
33856,Awwwwwwwww
33867,Your teeth :( *jealous *
33972,R-E-S-P-E-C-T !!! &lt;3
34011,i love your eyes !!!!!!!!!!!!
34020,Try Sephora.
34033,Sephora.
34049,AMEN.
34057,great video! youre so brave :) &lt;3
34058,love you! your great
34087,Thank you!
34090,i like your eyes =)
34114,mad love!!! 
34135,Hi
34162,SEI BELLISSIMA!!!!!!!!!!!!!!!!!!!!!!!!
34168,SHOON
34260,Good video (:
34275,"me too :/
"
34276,Respect!
34284,gr8 video!
34298,"disgusting
"
34327,I &lt;3 you (:
34330,your gorgeous!
34353,THE POWER OF MAKEUP.
34354,HOLY. SHIT.
34356,wow!! 
34358,10:41 ^^
34377,i love you so much
34378,my inspiration! :)
34405,I LOVE YOU!!!
34448,YOU ARE BEAUTIFUL!
34462,magic!!!
34504,"wow!

"
34509,LOVE U CASSIE :)
34510,i FUCKED LOVE YOU! :3
34524,I LOVE YOU GIRL
34525,Impressive !!!
34556,you&#39;re gorgeous.. 
34578,You&#39;re so brave:)
34592,!!!
34621,u   r osume
34629,I&#39;m soooo sorry :(
34631,your eyes!&lt;3
34632,your gorgeous!!!!!!!!!!!!!!&lt;3&lt;3&lt;3
34638,YOUR SO GORGEOUS NO MATTER WHAT!
34642,use bb cream
34669,1:16!!!!!!!!!!!!!!!!!!!!!!!!!!!!!
34683,WOUUU:D
34686,shes so brave&lt;3
34699,you&#39;re so brave!!
34702,"you dont need makeup,your butieful :)
"
34720,"dang, does it hurt?:/ "
34721,YOU&#39;RE AMAZING. TRUE BEAUTY.
34728,nice fourniture
34730,GUUUURRRRRLLLLL!!! I FEEL YOUR PAIN!!! I HAVE ACNE EVERYWHERE!!!
34736,YOU ARE BEAUTIFUL.
34740,I luv ur eyes! :D
34753,"YOU ARE BEAUTIFUL, INSIDE AND OUT :) I TRULY MEAN THAT &lt;3"
34770,mindfuck
34777,TAFF :)
34779,PRO7 TAFF !!!!! :D HAAHAHAHA
34786,"taff XD 
"
34817,PHOTOSHOP ;)
34829,YOU ARE GORGEOUS!!
34865,:O
34892,"iLOVE UR PERSONALITY TOO
"
34925,i love you so much
34934,I respect! 
34964,So Brave! Respect+
34980,awww....
34998,Guy reaction: DAFUQ?!
35009,WHAT KIND OF WITCHKRAFT IS THIS
35011,Respect!
35053,I respect you :)
35110,WOW..
35122,You&#39;re beautyful.
35166,u speak too fast!
35213,"wow
"
35230,You&#39;re inspiring (:
35249,"Acne.org!
"
35250,LIKE IF SEVENTEEN MAGAZINE BROUGHT YOU HERE!! (:
35251,Great Video!!! 
35306,i like your courage
35329,KONY 2012
35341,OOOOO:
35345,:O
35382,Mad respect girl. 
35423,:)
35434,YOU&#39;RE BEAUTIFUL NO MATTER WHAT THEY SAY &lt;3
35469,ur good girl :-)
35507,"wow, gorgeous!!"
35538,beauty &lt;3
35559,YOU ARE BEAUTIFUL
35571,"youre so gorgeous!
"
35619,i LOVEE your eyesss &lt;3
35634,"youre gorgeous !
"
35732,thank you so much.........
35766,Marry me?!
35775,U R BEAUTIFUL &lt;3
35783,You&#39;re a star!
35792,YOUR BEAUTIFUL YOU GO GIRLL&lt;333
35793,YOU ARE GORGEOUS
35799,nice make up....
35810,ITS FOR ANCE
35817,You&#39;re Gorgeous&lt;3
35895,YOU&#39;RE AMAZING
35913,I LOVE U 4 THIS.....U R PERFECT WITH OR WITHOUT MAKE-UP..... &lt;3 
35955,Your my Hero!
36008,RESPECT!
36027,omg :(
36056,WO___OW! I&#39;m inspired :D
36075,you&#39;re AWESOME.
36088,omg I love you &lt;3
36107,AMAZING.
36167,Great
36170,woooow
36171,O.O
36190,"omg, subbed"
36193,i love you. 
36207,"HEYYYYYY,BEAUTY,!!!!!!CUT YOUR NAILS!!!!!THOSE ARE ARE WORST ENEMIES!!!"
36219,:OOOOOOOOOOO
36247,Acne just plain SUCKS!! You&#39;re so brave.
36298,Sweetheart ! Your BEAUTIFUL!
36351,proactive line.. TRY!!
36392,So much makeup
36411,&lt;3
36412,You&#39;re absolutely GORGEOUS! 
36439,My new H E R O! &lt;3
36464,YOU HAVE A BLUE EYE AND A GREEN EYE YOUR SO AWESOME!
36489,SHIT YOU ARE SO PRETTY.
36506,So brave.
36549,YOU R PRETTY...EVERYTHING HAS A SOLUTION..SO..DON&#39;T WORRY:)
36550,"HOLY FUCK
"
36553,&lt;3333
36574,You Are So Brave! :)
36607,YOU ARE SO BEAUTIFUL :-) 
36653,Wow
36660,greek subs!~
36700,Brave &lt;3
36706,beuty
36751,SO BRAVE
36806,wow
36807,"wow
"
36818,You&#39;re gorgeous!
36825,subbed! ur brave! love u!
36860,i love your eyes
36875,GREEN CONCEALER.
36895,I love you.
36926,EVERYBODY HAS FLAWS
36941,YOUR BEAUTIFUL EVEN WITH ACNE &lt;3 
36948,Sexy girls :)
36952,SO AMAZING!!!REALLY REALLY THANKS  FORE YOUR SHARE!!!!&gt;3&lt;
36955,oooooooooooohhhhhhhhh !!!!!!!!! 
36972,I subscribed
36980,"Girl, you rock!"
36993,YOU ARE BEAUTIFUL!
37032,Mad respect.
37078,SUBSCRIBED 
37114,I LOVE U BABE U ARE SO TRUE
37130,I love your eyes!!
37175,i respect you !
37181,gorgeous.
37206,"YOU ARE BEAUTIFUL!

"
37213,R.E.S.P.E.C.T. &lt;3
37227,RESPECT
37242,i love you
37243,you. are. perfect&lt;3
37250,Inspiration!
37254,Your real
37284,"YOU ARE BEAUTYFUL
"
37353,"you&#39;re so gorgeous!
"
37367,WOW! 
37371,Wow!
37384,wow
37429,You. Are. So. Strong.
37448,Wow your makeup looks great.
37453,real?
37479,"YOU ARE AMAZING! :) &lt;3
"
37487,OMFG SOMEONE LIKE ME
37604,you need clindacin wipes
37606,YOU ARE A HERO!!!!!!!!!!!!!!! 
37617,OMG!!!
37640,respect
37641,OH MY GAWD
37676,@44livetolove YOU&#39;RE*
37681,I love your eyes:)
37701,you&#39;re so brave!
37726,i love your eyes :)
37743,"i love your eyes!!!
"
37744,i love you.
37789,GODDAMN! PUT YA MAKEUP BACK ON!
37800,&lt;3
37816,MESMERIZING EYES.BEAUTIFUL.
37835,respect.
37836,respect.
37857,subbed =]
37860,wow
37868,0:00
37881,"*try
"
37914,"you&#39;re gorgeous 
"
37931,YOU&#39;RE BEAUTIFUL !!! NO MATTER WHAT THEY SAY ! 
37969,Go Finland! Ebin
37971,ebin 5/5
37991,(:
38032,@Xurgo1 I LOVE YOU TOO!!!!!!!!
38066,I love your confidence &lt;3
38110, RESPECT GIRL. YOUR A PROOO AT MAKEUP 
38114,YOUR AMAZING &lt;33
38122,YOU&#39;RE BEAUTIFUL! LOVE LOVE LOVE!
38161,German Tv RTL:D:D
38165,PUNKT 12 :DD
38183,YOU ARE BEAUTIFUL! &lt;3
38190,"&lt;3
"
38194,You&#39;re so gourgeous! And brave!
38224,Just Thank You
38282,Cover it*
38310,wow you&#39;re gorgeous :)
38346,i love you &lt;3
38363,love u!
38427,i HAVE THE SAME.EXACT.PROBLEM :l. &lt;3 &lt;3
38444,"Gorgeous girl. :) Just subscribed.
"
38461,@SaraHutchinFashion Yes girl so true (;
38467,You&#39;re beatiful!
38472,YOU WEAR SOOOOOO MUCH FOUNDATION
38473,"omg
BACKNEE!
EARNEE!
NECKNEE!"
38490,you&#39;re sooo sweet :)
38514,Respect for you ! Xoxo
38531,"I love your confidence

"
38537,you&#39;re so gorgeous
38553,omg respekt
38562,Wow
38590,wow...bravo! :)
38597,You&#39;re a hero! :)
38599,YOU ARE BEAUTIFUL!!!!!!!!!
38604,respect
38610,YOUR  AMAZING    YOU SO  BRAVE     
38645,OMG
38663,":)
"
38680,So brave.
38688,"You&#39;re so brave!
"
38705,i appalled you!!!!
38762,"so much respect love &lt;3
stay strong"
38774,Very gorgeous!!! 
38777,youre beaut.
38815,"respect for you
"
38841,Thankyou so much.!!!
38870,Stay strong! 
38900,YOU ARE SO BRAVE AND BEAUTIFUL!!!!!!!
38901,great video!
38921,RESPECT.
38923,i love your eyes
38947,i looooooooove your eyes!
39002,&lt;3
39019,I love you :)
39062,thx...  
39080,fake face
39113,&lt;3
39114,Ur gorgeous
39120,OMG
39130,I THINK YOUR BEAUTIFUL REGARDLESS MAKEUP OR NOT&lt;3
39137,"i love her.
"
39208,ur eyesssssssss!
39250,Ur eyes r B E A U T I F U L!
39261,So my inspiration :)
39302,Your gorgeous!
39304,"YOU ARE MOST BEAUTIFUL GIRL I HAVE SEEN IN MY LIFE, I HAD MY FACE LIKE THAT AND I THINK THAT THE GIRLS LIKE US ARE THE MOST BEAUTIFUL GIRLS. &lt;3"
39359,LOVE YOUR GREEN EYES! :D
39360,I love you. Nice video!!
39506,"WOWWWWWWWWW!!!!!!!!!!!!
"
39508,@salevid86 hahahah
39513,wow you&#39;re so good!!!! RESPECT!!!!!!!!!!!!!
39539,you r beatiful inside out my love
39571,;))
39572,RESPECTT
39574,THUMBS UP!!! THX PRETTY
39597,omg...blow your nose!!
39638,needs*
39786,You are.. AMAZING!
39807,Congrats! You look so hot.
39813,=[ ]=!!!!!!. . ... .
39840,wow..
39893,I LOVE YOU :) BRAVE!
39965,"Gorgeous! 
"
39974,Nice..! Lovely! Thanks.
40043,scam
40072,YOU ARE MY HERO!!!!!!!! 
40086,Right
40089,"I love your eyes...
"
40142,I LOVE YOU.
40152,I LOVE YOU
40185,screw yourself @iridescentdragons
40201,"great 
"
40218,SUBSCRIBED.
40219,condoms...
40232,BITCH BE BAKING A CAKE NIGGUH
40278,Thank you so much :&#39;) 
40381,"girl , YOUR ON YAHOO!"
40387,o_o
40423,YOU ARE BEAUTIFUL!!!!!!
40489,"You&#39;re Great!
"
40496,love you &lt;3 girlfriend 
40510,YOU ARE MY HERO
40516,HAVE YOU TRY THE EVEN BETTER FOUNDATION ?! BY CLINIQUE
40553,respect
40564,You&#39;r great! 
40625,I LOVE YOUUUU
40632,**** AWESOME ****
40652,you loock beutiful!!!!! 
40661,"Thanks for sharing.
"
40669,So AMAZING!!!
40683,wow
40686,patsavoura....
40739,"U LOOK BETTER WITH NO MAKEUP ON SERIOUSLY !
U R BEATIFUL"
40754,"YOU GO GIRL, THANK YOU !!!"
40774,OMG THAT WAS AWSOME
40788,Impressive!
40813,&lt;3
40889,sooooooooooooooooo much respect!!! 
40897,YOU ARE GREAT 
40898,Thank you!
40917,congrats! You&#39;re on Shine Yahoo!
40950,You&#39;re brave. I like you
40957,Bravo!!!
40983,OMFG 
40992,"Girl,You Are my INSPIRATION!!!"
40996,you&#39;re so brave! bravo! 
41003,"Yup, gorgeous, sooo gorgeous ! "
41075,1:16 AAAAAHHHhH!!!!!!!
41161,gross
41167,fitttttttttttttttttttttttttttt
41170,RIGGITY ROW
41176,Proactive?
41182,First World Problems.
41259,smashbox...
41337,your eyes*^*
41341,i love you. 
41356,Thanks
41368,you&#39;re gorgeous! &lt;3
41394,I.L.Y
41417,WOW! respect! :)
41430,K Bonita! :-}
41441,OMG!!!!!!!
41455,YOU ARE AMAZING!!!!
41462,Most
41476,your gorgeous! 
41479,:]]]]]]]
41480,RESPECT! 
41482,RESPECT.
41484,wow.... o.O
41497,Ur brave
41515,TAYLOR SWIFT!
41567,"YOU ARE SO GOOD, OMG AND BRAVE, LOVE THIS TUTORIAL, SO INFORMATIVE."
41611,wooooooow.....
41667,you=my hero.
41705,AFTER SEEING THIS..I HAD TO SUB &lt;3. 
41741,"kkkkkkkkkkkkkk SUPER MILAGROSA
"
41787,Love you &lt;3
41799,RESPECT!
41800,wow!! I mean WOW! 
41806,Youareaninspiration. &lt;3
41827,FUCK OP YOU RUINED MY MIND.
41864,?! 
41908,@StrikingLyrics me 2 it sucksssssssssssssssssssssssssssssssssssssss
41985,YOU&#39;RE AMAZING. 
41986,Omg you&#39;re great! :)
42043,OH MY GOD. 
42048,Love your eyes ;D 
42050,OMG
42057,"support!!
"
42070,you&#39;re gorgeous! (:
42078,WOOOOOOOOOOOOOOOOOOOOOOOOOOOOW!
42084,Freaked bitch
42088,i looooove your eyes!
42146,thank you :)
42208,"YOU ARE SO BRAVE, WOW! YOU&#39;re SO BEAUTIFUL!!!"
42217,Very brave!
42221,@niela0814 I ALSO THINK SHE LOOKS LIKE TAYLOR SWIFT :D
42299,YOU ARE BEAUTIFUL
42318,"YOU ARE SO BRAVE AND SO BEAUTIFUL!!! I LOVE YOUR VIDEO!
"
42327,YOU ARE STUNNING!
42365,YOU&#39;RE BEAUTIFUL!
42370,Sorry. I mean try:)
42418,you look AMAZING girlll!
42433,subscribed
42435,"(: YOU&#39;RE AWESOME, SUBSCRIBING!!! "
42442,Brave!!
42456,WOOWOOW!
42459,"inspirational
"
42487,AMAZING!!
42495,you&#39;re gorgeous.
42499,respect!!!
42625,"DAAAAAAAAAAAAAAMNNNNN
you&#39;re magic!
D:"
42632,Your gorgeous!
42670,YOURE BEAUTIFUL EITHER WAY &lt;3
42712,Thank you!!!!
42745,"ROACUTAN MINHA FILHAAAA!
"
42760,PLEASE try coverfx &lt;3
42787,Respect
42794,"INCREDIBLE! U RE SUCH A ARTIST OF MAKE UP :) BLESSINGS FROM ARGENTINA
"
42803,i fucking loveyou;
42814,youre gorgeus! :xoxo
42852,I HAVE REALLY BAD ACNE !!!!!!! :(]
42856,OMG!!!!!!!!!!!!! YOU ARE SO BEAUTIFUL! &lt;3
42882,YOU ARE GORGEOUS!!!
42886,beauty!
42945,your BEAUTIFUL:)
42952,eww :/
43010,"LOVE YOU SUSCRIBING NOW!
"
43019,WHAAAT THE FUUUCCKKKKK
43034,Looks cakey ?
43037,@DiamondsAndHeels14 =)
43039,@alvi18118 18 :)
43100,DAT ACNE
43153,@jacobprath88 So true &lt;3
43157,:ooooooooooooooooooo
43166,Subscribing *
43209,o.o
43217,"SO MUCH INSPIRATION IN ONE VIDEO , LOVE YOU FOREVER !"
43227,omg
43252,"Wow, almost 1,000,000 views :)"
43253,your gorgous
43293,OH MY GOD! THIS IS AMAZING!
43300,OMG O_O
43368,"Gorgeous !
"
43398,Im subscribing!
43425,"OMG!
"
43445,THUMBS UP IF YOU SHAT BRIXX FROM 1:15 TO 1:16
43456,respect &lt;3
43460,respect!
43467,@DiamondsAndHeels14 ;)
43472,Wow !!! (:
43494,@RambleOn07 Thank you rambleon :)
43510,HOLY SHIT
43524,OH GOD!
43528,OH GOD WHAT THE FUUUUUUCK
43531,MOTHER OF PIZZA GOD
43532,"dammit, OP"
43533,GROSS
43542,"1:17
FFFFFFFFFFUUUUUUUUUUUUUUUUUUUUUUUUUUUUUUUU

groce"
43546,Respect!
43568,Love it
43569,you&#39;re gorgeous!!!
43599,Very brave
43624,Science!
43658,YOURE SO BEAUTIFUL! I LOVE YOU!
43663,fake
43664,"fake
"
43702,marry me.
43714,Respect. &lt;3
43742,deep respect !
43748,respect girl!
43800,EU ACREDITO EM MILAGRE
43801,:oooooooo....
43822,"You&#39;re BEAUTIFUL &lt;3


A french fan &lt;3"
43827,ROACUTAN
43844,@Ln192 shut uppp
43969,Thank you!
44008,OMGGG
44013,OMG. OMG. 
44029,ewww
44044,I&#39;m impressed! (positively)
44052,"HO
LEE
FUCK"
44075,"Oh /v/, I love you."
44083,"WHAT THE FUCK
"
44097,very brave! love
44101,@23visi AHAHAHAH  EPIC COMMENT XD
44134,wtf
44136,*subscribe*
44142,You&#39;re so brave!!!
44146,WOW
44166,LIAR
44168,pff Cheater
44178,Fucking props
44180,LOOOOOOOOOOOOOOL! wthhh
44196,groce...
44199,"at 1:16
FUUUUUAAAARRRRRKKKK"
44201,"Oh my.
"
44218,gross
44220,TITS OR GTFO
44222,&lt;3
44256,YOUR EYES ARE LIKE GREEN EMERALDS BRIGHTER THAN THE SUN!!!!
44287,Cheat!!!
44292,1:15 omg.
44342,ROACCUTANE
44343,omg
3,Dis my childhood
6,I love it
8,Nice
21,Nice
22,Like
23,"<a href=""http://www.youtube.com/results?search_query=%23earlysquad"">#earlysquad</a> ðŸ˜‚"
43,coooooooooooooooooool
55,i like it
56,cool
58,nice
67,good idea
69,STRUGUREL
70,nice
82,Mark
84,me gusta
96,good
97,nice
99,WOW!
105,OMG!!! OMG!!! OMG!!!
108,Hi
116,                                                           
125,Tanks!
138,AUSOME
147,Trying right now
151,but great video!!!
161,milene
172,"Stupid.
"
175,preety
176,"good art
"
180,good
184,"fuck
"
189,OMG
193,&amp;&amp;;$@%@@
195,pweety
197,cool 
205,Osum
211,Good
218,no
219,no
221,nice
241,Love it
244,cool
270,That&#39;s cool
272,I love you
282,COOL!!!!
286,ok thx
299,so cute!!!
348,That&#39;s clever
384,I love it
390,._.
403,"lv ur wrk......tnx for sharing
"
434,"nice


"
445,Great
446,wow
455,Science.
456,Roxanne
459,"Cool :)) 
"
476,Cool
477,cool
479,Cute
488,COOL
520,nice
535,Tsssss
568,"thank u!!!!!!!!!!!!!!!!!!!!!!!!
"
570,"Nice nails
"
576,I love it so much
579,Wow
591,Love it
600,"BEAUTIFUL!!
"
634,Wwwwwwwwwwwwwwwwwwwwwwwwwwwwwwwwwwwwwwwwwwwwwwwwwwwwwwwwwwww
662,Ty ....for respond
682,no
685,LOL so true
703,wow
718,"Hl
Gfff"
772,"cool
"
786,I subbed you!
816,Clever! Impressive!
824,its tape!
838,"nice
"
845,Wow! Looks great! ^^
883,*notice *you&#39;re
896,I love it :D
917,*woman
954,Pp
956,wow your good!!!!!
960,o_o
972,yes
981,Cute
999,yes
1005,3:06 :D xD
1011,IT DOESSSS
1012,i like
1017,Cool
1019,LOL heart!
1054,"bacan
"
1060,Hahaha
1061,ITTTTT DOSEEEEEEEEEEE NOTTTTTTTTTTTTTTTTTTTTTTT WORRRRRRRRRRRRKKKKKKKKKKKKKKKKKKKKKKKKKKK
1078,"Thanks! :)
"
1079,HEY GIRLS!!! I HAVE MY OWN NAIL ART CHANNEL WITH AMAZING DESIGNS!! PLEASE CHECK IT OUT.
1100,Ungly !
1103,Oops its**
1106,Cute
1120,Cool
1138,"MY DO NOT SPEARD IT DO NOT WORK IT IS VAEY COOL I HAVE TRY IT 20 TIMES  BUT I DO NOT WORK.
I HATE U LIER U ARE VERY BADDDDDDD
"
1145,"thnx so much ur\ helpful
"
1166,Yep. (:
1168,it;s beatiful
1171,Stupid
1189,oh ic
1191,hhhhhhh
1196,"sick !!!!!!!!!!!!!!!!!!!!
"
1223,Hmm
1240,"so cute (: 
"
1242,"um
"
1268,so flipping cool :P
1270,"omg cool
"
1275,It&#39;s ok
1278,THIS. IS. SCIENCE
1288,thx :3
1318,Harry Styles!!! :) 
1326,"target 
"
1329,oh ok thx :DD
1338,wtf
1356,cool 
1369,yes =)
1400,yes =)
1405,Tassel You Don&#39;s Say o-o
1429,practice =)
1439,Your good:)
1463,CUTEEEEEEE
1471,Cute
1473,30 =)
1480,"AWESOMENESSSSSSSSSSSSSSSSS!!!
"
1499,Cool
1531,wow....cool!!!!:)
1565,cool :)
1566,Cute!!!;)
1590,That&#39;s creative
1597,Me too ):
1622,"cutey
"
1632,tape!
1650,Can you use your real nails?
1656,My birthday
1665,"Water ??? glass ?
"
1675,THIS NEVER FUCKING WORKS FOR ME!! GRRRR
1697,Great
1704,IT IS NOT CALLED A ORENGE STICK!!     IT IS A TOOTH PICK!!
1729,"woow
"
1733,Cool I &lt;3 it
1737,OMG THIS IS SO COOL OWO
1741,great
1749,WOW!
1765,"Water
"
1781,i love it!
1798,Cool
1821,tape
1867,Or normal water?
1970,yes =)
1989,OMG MY NAME IS COLETTE TOO ;)
1994,My favorite nails!!!
2010,alright !! tnx
2019,yes =)
2033,video style #2
2047,That
2049,"THAT IS SO COOL!!!!!!
"
2060,Thanks :)
2083,"WHAT.
"
2098,Ahaaa.. 
2133,I luv it
2140,"IM A KID TOO
"
2152,:)
2168,"Wow I love it!!!
"
2188,MT MTTTTTTTTTTTTTTT PERFEITO CARAAAAAAA
2194,That&#39;s Soooo cute!!
2231,@bristimeful orange stick =)
2236,"THIS IS AWSM!!!!!!!!!!!!!!!!!!!!!!!!!!
"
2249,"WOW








MY MOM STARTED CURSING
lol"
2325,I Love It! 
2367,I LIKE IT
2396,Looks like candy
2408,THTS SO FUCKING AWESOME!!!
2418,@zeelady1203 water
2486,Niice  : )
2552,waoooooooo
2603,"nice
"
2604,Orange stick?
2626,gahhh!!You.Make.It.Look.So.Easy...
2662,Perfect!!!! XD
2708,Love it
2716,I did it!! :3
2750,Cool!!!
2766,I Tried Marble-FAIL.!!
2803,"@BekahBoo1234567890 
lol same! XD"
2811,wow!!!!
2816,cool
2817,Absolutely love it!!
2826,@boooey3 water
2837,Cool
2838,I love it
2858,"That&#39;s cute
"
2868,Wow!!
2889,i LOVE your name! x
2976,EVERY NAIL??! LOL NOPE
2981,wooow 
3015,"wtf, can&#39;t believe! xD"
3028,Cool
3033,lovely
3034,NICE VIDEO NICE WORK@!!
3041,pro
3045,superb
3047,"Haha, cool!"
3063,Love it
3067,luv it!!!!
3071,OMG! SO COOL!
3123,WOOOOOOOOOOOOOOOOW
3150,cool!!
3196,Neeat
3206,"i love it

"
3210,"nice
"
3215,WOWW
3231,Wow
3234,excelent 
3241,"THAT IS SO COOL!
"
3281,WOW
3283,Sickk!!
3299,@mathwhiz123 OK ... why?
3401,BEAUTIFUL :) XX
3409,Omg ! LOVE IT!
3410,DEFINEATLY SUB-ing(:
3469,IS THAT EVEN POSSIBE?!
3480,I love it
3491,cool!
3507,wooow!
3521,HOLY SHIT
3566,"ribet,,, !"
3585,wooow! cool
3614,Amazed!
3628,@vulebratecar filtered room tempature 
3657,Mind = Blown.
3659,thank YOU!!!!  COOOOL!!
3665,Your weird
3688,@carmen9655 30
3711,"OH MY GOD I&#39;M GONNA DO THIS RIGHT NOW
"
3719,WOW
3733,nicee
3761,It&#39;s normal water??
3772,THAT IS SO COOL! IM LIKE FASCINATED. hahah
3780,I LOVE THIS!!!!!!!!!!!
3806,wtf
3807,THIS IS SO COOL I HAVE NEVER HEARD OF WATER MARBLE!!! I&#39;M GOING TO DO THIS FOR MY FIRST DAY OF SCHOOL:DDD 
3818,FAIL at 1:38
3844,THATS SOOO COOL
3872,Nice :)
3873,i love your nails 
3874,nice. lol.
3974,@xjESSika91 yes =)
3978,"THAT IS GENIOUS :) LOVE IT
"
4011,OMG THATS SWEEET
4018,messy
4025,THATS SO COOL!! :O
4027,ONE WORD!!!! AMAZING!! &lt;3 LOVE THIS VIDEO!
4037,Soo Kewl.!!!
4038,SO CUTE (:
4049,Neat!!!
4081,COME CHECK OUT MY CHANNEL 
4096,Cooll
4115,Kawaii! ^^
4159,AMAZING
4169,@ishadee97 practice =)
4187,WHAT SORT OF MORON WOULD DISLIKE THIS! IT IS AMMAAZIINNNGG :&#39;D
4193,sick!!!!!!!!!!!!!!!!!!!!!!!!
4272,THAT IS SO NEAT!
4296,THAT IS SOO COOL
4445,thank you
4446,"love, love, love!!!!"
4466,@Kariio18xX lol 
4494,wow :|
4499,:O:O:O OMG! HAMMER!
4541,I LOVE YOU! o_o
4563,@musiclover226 tnx I will
4592,OH MY GOD THAAAANNNKKK YOUUUUUU
4614,nice!
4630,nice...
4633,"Wow! Gorgeous!
"
4634,COOLEST THING EVER ?
4636,"wooooooooooooooooooooooooow!!
it&#39;s AMIZING"
4733,THAT IS AMAAAAZIIIIINNNNNNG!!!!!
4756,cooool ;p
4774,OMG THIS IS SO FREAKING COOL! hahah
4816,cccoooooolll!!!!!!!!!!
4898,"So Cool!
"
4899,THIS IS SO KOOL AND EASY.I TRIED IT YESTERDAY AFTER WATCHING IT...PLZ PUT UP SOME MORE NAIL TUTORIAL.I LOVE IT!!!!
4980,"HOLY CRAP!!!! I AM SOOO TRYING THAT OUT!!!!!*_* THANK YOU SOOOOOOOOOOOO MUCH FOR THIS VIDEO!!!!!!!!!!!!!!!!!!!!!!!!!!!!!!!!!!!&lt;3&lt;3&lt;3&lt;3
IT WAS SO AMAZING.. AND DEFINITELY SOMETHING I HAVE NEVER SEEN/THOUGHT TO DO BEFORE :O"
4993,so freaking cool!
5000,"WoOoW!! you&#39;re great!!
"
5008,:O WoW
5032,cool :)
5130,:DDDDD
5137,WOAHHHHHH OMDSSSSSSSSS!
5155,wow
5261,Wow! Ihanat!&lt;3
5272,Woah!!!
5334,":O   

:O:O:O :O :O

GENIOUS!"
5357,I LOVE SALLY HANSEN!!!!!!!!!!!!!!!!
5358,THIS IS THE COOLEST THING EVAR.
5387,Cute!!
5403,OMG THIS IS BEAUTIFUL!!!!!!!!!!! Thanks for sharing
5407,SOOO PRETTYYY
5415,Ficou legal
5433,very good..!!!
5452,THIS IS GORGEOUS!!! :D
5460,AMAZING !!!!!!
5479,THATS WICKED!!!! XD
5533,Thanks so much!
5566,Ooh love it!
5581,show =]
5589,"@june9girl 
Yes"
5605,"cool
"
5608,A SUPER MEGA HUGE WOW!!!!!!!!!!!!!!!!!! *.*
5616,WOOOOOOOOOW
5657,Very cool!
5688,"THATS SO COOL!
"
5690,cool
5692,Wow :) I like!!!
5693,THIS IS GREAT!!!!!
5704,LOVE it!!!
5740,@ismailyn2010 room temp &amp; filtered
5742,@momo5273 room temp &amp; filtered
5763,Thank U!!!!:)
19,THERE YOU ARE <br><b>Scope</b>
28,Moi??
37,my letter
58,O
102,Ad Astra
106,my lucK<br>my faTe
108,ABC!
111,Oscar 2020. Inevitable.
123,Interlude
128,Not inevitable.. !!
133,Lmao
154,I love you
157,ðŸ˜‚
184,"Close your mouth, Brad!"
185,ASMR confirmed
208,MESSSSY BABYYYYY!!!
217,Lol
220,omggggg.......
221,Joe. Rogan.
230,liv Mustaine
250,Awefull commercial! ðŸ˜–
253,mmm. nnz
259,WAT
270,Exacto
271,No.
273,NO
274,Super
291,AHAHAHAHAAHHHHQAHAHAHAHQQQQQQQQQQQQQ
303,Inevitable...? 
306,Max Enforcer - Journey
307,WTF???
311,Ha! GAAAYYYYYY!
312,Terrible
314,great actor .Â 
322,*too
326,LOL
328,BULLSHIT
340,Max Enforcer.
344,Max Enforcer
367,.... okay......
379,Ghey.
380,"Very sexy!
"
387,yooooooooooooooooooo stop playin
401,haaaaaaaaaaaa....I LOVED IT
402,COMMUNITY CHANNEL &lt;3
406,Too funny!
409,Hahahahahahahahahahahahahahahahaha
412,ZOHAR LIGHT (key)
417,"Inevitably stoopid
"
421,Fish looking FREAK
422,falconfish
424,Fish Club
428,FISH FINGERS PITT!
434,Fishalina
436,Brad pish you oily
438,Brad Fish.
440,Fish Club
441,Fish Pitt
448,Brad Fish
466,Fishy basturt
467,Fishy basturt
479,love it &lt;3
480,lol
494,...it&#39;s sooooo sad :(
502,"stupid
"
514,DEEEEEEEEEEEEEEEEEEEEEEEEEEEEEP
518,He&#39;s so hot omfgg
529,what
534,Same xD
551,....?
562,WHAT ON EARTH DOES ANYTHING HE SAY HAVE TO DO WITH CHANEL???
568,DAFUQ
586,Meh
590,yep
600,WTF MAAN
604,"Vomit.
"
606,Thor...? LOL
608,"CHANEL NO: 5!!!
"
613,brad shi*
640,DOUCHEBAG ALERT!
656,I love Brad Pitt
657,ME TOO!
663,Meow
682,ITS IN RAIN NOT IN THE RAIN OMG 
690,"POWERFUL JOE ROGAN !!
"
700,"a tad creeepy 
"
704,Numba 5
721,.RAR
731,bawhahahahahahahahah
740,LOL
745,unf&lt;3
767,lol
770,"i like  it.
"
782,LOL
787,LOLZZZZ SAMEEE
790,wat
818,"WTF?
"
820,LOL
825,DayJobOrchestra
839,spain...
841,SNL...magnificus!
848,Splendiferous
849,snl
851,Saturday Night Live
866,DAFUQ?
870,JOE ROGAN ARMY REPRESENT
883,HAHAHAHAHAHAHAHAHAHAHA
884,BAHAHAHAHAHAHAHAHAHAHAHAHAHAHAHA
887,wat
905,Wow
913,You&#39;re my hero
914,Rogan!
915,wtf...
918,I like nat&#39;s version better
920,Nat
932,Shut up
935,"Tool
"
941,LOL yes! 
944,Wtf
947,??????????!
950,LOL WTF
967,AND YOU ARE SOOOOOOO IRRESISTIBLE!!!!
971,France 3 3 3
975,I love it!!
980,"WTF!!
"
981,same here
984,wat
985,WTF!
986,"-,-"
1005,he&#39;s THAT GOOD! :)
1006,We need Chuck Norris. 
1035,RIP TYLER DURDEN
1065,To Nat!!!!
1077,:-)
1098,@TheJrlocc
1099,D.
1109,&lt;3 
1112,lol
1119,Both
1122,o........kay
1130,"I just love him!!!!!!
"
1133,LOL THIS IS SO STUPID
1168,nice
1171,"Hahahahahahahahahahahahaaaaaaaaaaa
"
1174,what?
1177,Wtf ??!
1185,"noo way, me too!!!"
1189,hermoso
1207,lol
1218,"Ummm, eharmony?"
1223,what?
1225,asshole .l.
1227,PLAYBACK TIME ANYONE??
1238,i like grapes
1247,LOOOOOOOOOOOOOOOOL
1255,"thor
"
1265,horrible
1275,HUH?
1280,wtf
1288,Douche....
1292,I Love You Brad!!
1293,relax
1298,Hahahaha! so true.
1300,wtf?
1301,0:16-0:20 TYLER DURDEN-forever!!!!!!
1307,Jeff Bridges.
1319,PERFECT AS ALWAYS! SEXXY AS EVER!
1344,Go Brad!!!
1357,"CUT YOUR HAIR... BAD, LIKE WOMEN"
1358,That&#39;s it?
1363,LOL.
1366,Wut
1382,"complete bore!
"
1384,"&lt;3
"
1405,nonsensical rambling.  inevitable.  
1412,HAHAHHAHAHAHHAHAHHAHAHAHAHAHAHA
1420,Don&#39;t mention it Brad.
1423,NICOLE KIDMAN!!
1424,THE FIRST RULE OF FIGHT CLUB IS..
1452,HA! GAAAEEEEEEHHHH
1454,DEEP!
1459,WTH!!!! LOL!!!!
1460,inevitable
1461,LITERAL.. ME MOJE
1462,"GUAPISISISIISISISISISISIISIMO!!!!!!!!!!!!!
"
1464,&gt;.&lt;
1467,Same here!
1478,I LOVE YOU.... 
1479,BRAD IS NUMBER ONE IN MY MIND
1496,"CUT YOUR HAIR, LIKE WOMEN... I HOPE YPU READ THIS LINE"
1505,Sexy !
1515,chill
1519,EXACTLY. 
1520,Captivating. 
1523,EARL PITTS!!!!!!!!!!!!!!!!!!!!!!!!!!!!!!
1530,Awful
1542,"LOL POOR BRAD , STUPID CHANEL MADE THIS AD "
1555,LAUGHING SO HARD
1558,Contrived!
1568,"good 
 play"
1571,excuse me?
1577,WHAT ! ? ! ?
1597,Well.... He&#39;s sexy :)
1620,"HA1....hahahaha
"
1628,so gay. 
1631,wtf
1635,:|
1644,SNL...
1645,lol
1658,ewww...sigh...
1668,"SOOOO BAD
"
1678,I like it
1700,W33D 4 LYFE
1709,Ahahaha!
1710,Wtf
1715,yes
1729,"Stupid
"
1758,Confused....
1760,wtf
1767,...what?
1791,HOT
1796,LOOOOOL
1833,WOW
1836,Terrible.
1849,PATROCLUS!!! WHERE&#39;S PATROCLUS!!?
1853,Ha! GAAYYY
1854,i love it... BRAD AND CHANEL...
1862,"ridiculouS I meant.  argh!
"
1867,Nice One 
1875,don&#39;t ask
1880,HAHAHAHAHAHAHA
1883,WHAT&#39;S IN THE BOX?!?
1894,SNL!!!!
1897,Inevitable
1898,"Wh-A-T?
"
1905,THIS. IS. COMEDY. 
1913,Thor
1920,Superb
1923,Louis! &lt;3 &lt;3
1924,"dumbest ad ever
"
1925,daFuQ o_O
1931,Snl lol
1942,==
1943,It&#39;s &#39;too stupid.&#39;
1945,I loled
1946,SUCH AN EPIC COMMERCIAL FOR PERFUMEEE
1953,dumb
1966,"I love it. hahaha
"
1971,SPLENDIFIROUS
1984,"Whaaa?
"
1987,Louis.
1997,"LOOK AT THIS CELEBRITY&#39;S FACE!!! 

BUY OUR UNNECESSARY SHIT."
2005,perfect.
2006,classic? 
2008,come on...
2012,SNL version FTW
2025,EXACTLY!!
2027,SNL!!!
2037,WAT
2065,amen 
2068,I just came 
2079,THIS VIDEO IS FOR LAUGHING?
2092,he&#39;s right
2102,"JOE DIRT EVERY1 !!!!!!
"
2111,I LOVE YOU !!!
2124,funny
2126,"my fate, my luck, my goatee"
2137,"CANT STOP LAUGHING!!!
"
2141,wtf
2161,O THIS IS REAL?! I THOUGHT THIS WAS THE PARODY!
2166,A hot mess!
2176,Gaaaaaay.
2184,"Epic Fail!
"
2189,Terrible ad. 
2196,"hah.
"
2202,Wow!!!
2223,"SPENDIFEROUS.  LOL, Saturday Night Live."
2226,"rEALLY DEPRESSING NO MUSIC AN HE DOSENT LOOK SO HOT AN THE CLOTHES HAVE GOTTA GO!!
"
2243,Lame! 
2247,wtf
2252,"bad acting,a parody itself."
2274,...DOG CONDOMS.
2279,LOVE BRAD FOREVER
2308,HAHA
2309,Daft shite.
2314,"YUCK!
"
2319,LOVE BRAD FOREVER
2320,LOL
2321,i love it....
2322,stinks
2326,Bahahaha!
2331,why. doesn&#39;t. HE AGE!?!?!
2332,WHAT
2336,what?
2347,snl
2351,TEAM COCO!
2352,Mmmmm...  Ok
2353,hahahahahahahahahahahaha
2364,what?!?
2373,"good. very good, BRAD IS NUMBER ONE"
2376,:))))
2381,serious marketing bullshit
2383,cool~
2387,Disaster!
2388,Lmao
2394,nat
2411,"SNL AS WELL!! HAHAHA 
"
2415,Oooooo messy
2416,TACO BELL!!! 
2419,#Snl
2422,"yeah, right..
"
2428,Lame
2431,"SNL indeed
"
2436,SNL.
2443,"Brad, NONE OF THE WORDS YOU ARE SAYING ACTUALLY MEAN ANYTHING.."
2444,Nul
2464,yup
2469,why
2477,ptngna
2484,"Ughh!
"
2487,Good
2494,BRAD IS NUMBER ONE IN THE WORLD
2495,LOVE BRAD FOREVER
2511,Kroo
2514,WTF
2517,why...?
2530,Old man
2532,OMG BRAD PITT WHYYYYYYYYY...
2534,LOVE BRAD FOREVER
2545,kel TBN 
2560,o.O
2566,0:00
2581,Wtf Brad Pitt?
2582,I love Brad Pitt
2583,Oh hell no.
2588,DON&#39;T SAY ANYTHING BAD
2590,LOVE BRAD FOREVER...
2591,"Meh.
"
2595,I like nat&#39;s version. 
2598,"LOVE BRAD SO MUCH, I CAN&#39;T BELIEVE THAT YOU ARE VERY PERFECT"
2599,LOVE BRAD FOREVER
2607,WEIRD!
2612,GOOD PERSON
2614,"BRAD CUTE, HANDSOME...LOVE YOU FOREVER"
2618,is he high?
2619,wat
2622,BRAD CUTE!!!!
2632,BRAD... LOVE ONLY YOU FOREVER
2634,Wtf lol
2635,Oh barf.
2657,WTF?
2676,how yoooou doin? lol
2692,horrible commercial!
2711,thanks !!! :)
2722,I CAME!
2726,WHAT WOULD TYLER DURDEN SAY???
2728,......Mr. Anderson
2730,7 000 000 $
2734,great !!!!!!!!!
2736,famous
2743,....
2745,lol
2752,Hahahahahahahahahaha! priceless!
2758,......
2775,"Creepy, creepy, yucky, icky, creepy."
2781,FUCK ME BRAD PITT!!! =D
2791,"cool actor, lame ad...boooo"
2798,LOOOOOL
2800,I LOVE DOUG PITT
2801,Wtf
2803,community&#39;chanel&#39;
2805,hahahahahahahahahahahahaha
2817,weird
2844,lol
2845,HAHA YES!!
2848,LOL!!
2865,BUT WHAT DOES IT MEAN?
2872,GOODNESSS!! STOP READING INTO THIS. IT DOESN&#39;T MAKE SENSE!! POINT BLANK!
2878,:3 good lookin
2880,Colin Farrell X Instagram
2888,Hello
2889,pitoyable
2892,LOOOOOOOOOOOOOOOOOOOL
2922,Irrelevant.
2924,Great!!
2926,Fromage...
2946,AHAHAHAHAAHAHAA
2948,TYLER IS THAT YOU????
2951,mavaffanculo!!!!
2955,Wow...!!!
2960,I like 
2970,"&lt;3

"
2974,Agreed. 
2985,Wat.
2989,NEEDS MORE NICOLAS CAGE
2991,IDIOT !
2993,Mr Brown.
2994,THOR?
3004,lol me :D
3005,Daft commercial
3011,Nice ;-)
3028,"Okay, Louis."
3034,LOL!!! &quot;my lucK.......my faTe&quot; bwahahaha
3040,dislike!
3052,"lol, bit slow"
3065,&quot;I Am Jack&#39;s Complete Lack Of Surprise&quot;...
3071,"Yep, same :)"
3099,ME TOO HAHA :)
3102,Wtf
3113,Nat.
3137,me too
3158,Wtf
3168,nat?
3194,OMFG FAKE
3263,BARF
3264,BARF
3286,cool shirt
3291,oh nat...
3307,You&#39;re a tool. TEAM JEN
3308,Douche
3313,"Inevitably C R A P!
"
3314,LMAO STUPID
3316,HA
3319,i like it
3321,hahahaha!
3323,HAHAHAHHAH
3324,..............................................
3328,LOL COMMUNITY CHANNEL BROUGHT ME HERE. 
3341,Ha! Nice one!
3353,I WANT IT!!
3358,I love it! 
3361,GO Nat! :D
3380,COMMUNITY CHANEL NO 5 IS IN THE BUILDING
3382,WHUT DA HELLLLLL!?!? - dj pauly d
3383,Deep.
3384,LMFAOOO
3391,"WHAT EVEN?
"
3402,nat
3415,COMMUNITY CHANEL NO 5
3416,Drivel.
3423,COMMUNITY CHANEL NO 5
3425,"COMMUNITY
"
3433,AMAZING JOB BRAD :) 
3446,LoooooL. Lol.
3447,CommunityChannel.
3449,CommunityChannel.
3451,LOL
3452,"Oh how vacuous Brad !
"
3457,COMMUNITY CHANNEL 
3471,"Haha, great reply xD"
3474,LAAAAAAAAAAAAAAAAAAME. 
3485,o_o
3486,L.O.L.
3494,Hahahahaha
3512,/watch?v=VasChuSdv3M
3516,Whaa?
3518,Sell out. 
3520,LAMINGTONS! :)
3528,nice one!
3530,Awful
3531,Meh.
3538,0:30 Skip Ads
3550,NAT &lt;3
3553,UNFORGIVABLE!
3554,"lol
"
3563,formmind(dot)blogspot(dot)ca
3572,tran
3578,NAT FUCKIN TRAN
3603,MATT DAMON
3605,disappointing 
3613,=)
3619,TROY KINNE!
3620,wat.
3634,"Yes, he&#39;s hot."
3678,LOL ;D
3680,ENGLISH SUBTITLE IS NOT WORKING !! 
3682,IT IS NOT A GOOD PRODUCT @@
3687,"fucking brad pitt
"
3702,Yup
3704,@MyGuyTy821 J
3710,"Yup, me too.
"
3717,"cool story bro..
"
3723,Yeeeeeeesssssssss !!!!!!! Brad
3752,lol nat
3766,me too!!
3770,Part 2? 
3773,inevitable
3777,whaa? 
3779,haaa!
3787,LMFAO!!
3795,Lol. WUT?
3804,HAHAHAHAHAHA
3822,GUAPO....A RABIAR!!!
3827,ti amo
3831,YEAH NAT!
3835,Wat.
3846,ok?
3847,HILARIOUS
3850,Sooooo hot
3851,Bullshit
3861,COMMUNITY CHANNEL
3863,"cheesy!!!!!!!!1
"
3864,Nat sent me.
3872,awful
3877,COMPLETE PISS.
3895,Meh
3912,"wat
"
3924,wtf......
3929,HUH? 
3933,Thor?
3947,WOW. VERY PROFOUND.
3948,NAT
3955,All hail CommunityChannel
3959,and?
3967,NAT BROUGHT ME HERE!!!
3985,WTF
4000,WHAT DOES THIS MEAN
4003,Hey Nat!
4008,Look! It&#39;s Nat!!!!
4009,Oh nat...
4017,WHAT THE FUCK DOES THIS HAVE TO DO WITH PERFUME
4019,CommunityChannel!
4021,ahah... 
4025,SAWYER
4026,SAWYER
4028,SAWYER
4029,fortch?
4036,AHAHAHA! Hi Nat. :))
4057,Bad Pit...
4059,lol
4060,Sad Pit
4061,"easy money
"
4067,Unattractive.
4076,XD lol
4080,umm...
4096,I love it!
4115,Louis!!!
4142,BRRRRRRRRRR (: 
4144,HE&#39;S DAM FINE !!
4163,Worst ad ever
4165,minimum! good
4168,inevitable.
4169,true...
4177,HUH??????????
4205,SHUT UP ACHILLES
4211,meh.
4220,Papitooo
4222,ha
4229,Dumbass comercial Lmfao
4232,oh. okay.
4237,wow!!
4266,"me too!!!!!
"
4282,"810,834"
4286,"how uncomfortable!
"
4287,AHAHAHAHAHAHAHAHAHHAHAHAHAHAHAHAHAHAHAHAHAHAHAHAHAHAHAHAHAHAHAHAHAHAHAHAHHAHAHAHAHAHAHA!
4292,sigh.....
4309,"NICE!!! 
"
4317,HAHAHA!
4333,yup
4334,yup
4335,-_-
4360,"PORCO DIO
"
4369,RIGHT HERE! 
4370,Barf.
4372,I LOVE THIS!!!! I DON&#39;T THINK WE&#39;RE LOOKING AT THE SAME VIDEO.......
4387,Nice :)
4394,"FOR ME, DEPENDS ON VIBRATION THAT YOU CAN GIVE ANY CONCEPT. 
is SUBJECTIVE...
"
4395,... ??????????
4425,SEXSI!!
4430,@gipper086 lol
4439,it&#39;s inevitable
4445,Dumb
4452,THE WORLD TURNS AND WE TURN WITH IT
4460,inevitably gay...
4476,wat
4477,Haha!
4481,"BEST EVER!
"
4484,second -.-
4490,Terrible.
4495,"hahahahahahahaha
"
4503,meh
4511,wajajajajajajajajaja
4513,haha
4529,HORRIBLE.
4557,exquisite hot man! 
4593,wat
4616,"I DON&#39;T LIKE AT ALL
"
4631,thor?
4632,Lame...
4639,HORRIBLE acting. 
4651,Wtf?
4671,BOOOOOOOOOOOOOOOOOOOOOOOOOOOO!!!!!!!!!!!!!!!!!!!
4693,WTF Brad Pitt??!!!!
4728,AWKWARD!
4729,It&#39;s terribly sad!!!
4733, HAHAHAHAHAHA!!!!
4747,HOLLYWOOD ROYALTY
4749,nice!
4755,Explain?
4781,em....WHAT????
4795,lol!
4802,BULLSHIT
4808,WTF !!
4828,lololol
4835,Guapo!!!
4836,Lame.
4848,XD riiight!!
4851,RE.TAR.DED
4869,HAHAHA! = inevitable
4871,"I WANNA DIE, BRAD WE LOVE YOUUUUUUUU!!!!!!!!!!! AMAZING"
4902,Lame...lol
4903,oh man...
4923,Cheesy.
4948,Exactly!
4950,SEXY! 
4965,super! sexy...
4976,true indeed
4992,banale!
4996,lawl
5008,lmfao
5028,HAHAHAHAHAHAHAHA
5042,LOL
5050,Who?
5060,Ohh brad :)
5061,LOL  !!!  
5069,sexy 
5080,"&lt;3

"
5092,...what??
5093,Give me a break!  
5101,"I LOVE THE COMMERCIAL, I LOVE THE CONCEPT,  I LOVE CHANEL, I LOVE HIS VOICE I LOVE HIM!!!!"
5102,WHAT HAPPENED TO YOU TYLER!
5109,Why?
5122,HAWT DAYUM
5130,Impressive....get marketing. 
5137,My Gosh &lt;3 
5139,Love fashion films so much
5141,"Inspiring!
"
20,2018
33,looks good
72,ITS GLEE DAY!!!!!!!!!!
77,tttttttttttttt
79,Nice
118,Why
147,"love ur eyebrows
"
166,You&#39;re gorgeous!!
172,"Also, you&#39;re gorgeous!!!!"
214,FAR OUT DO YOU REALLY NEED THAT MUCH MAKE UP!!!
256,I  your MAKEUP
263,"Gorgeous!
"
265,Oooh
267,My Prom makeup! Thank You!!!!
282,i luv it2
284,*it
304,I wish I had your beauty
316,"nice
"
320,mooi
331,Lol
340,ummm....creepy much
341,"girl your gorgeous :)

"
345,"it looks gray. not blue.
"
376,LMAO ME TOOOOO!!!
397,B E A U T I F U L
409,So gorgeous! 
425,"i like it ,,,"
433,SOOO BEEEEYOOUUUTIFULL!
439,right
444,I like it.
457,YOU LOOK SO MUCH LIKE ANGELINA JOLIE!!!!!! HAS ANYONE ELSE EVER TOLD U THT? 
462,THIS IS MY MST FAVE VIDEO.I WATCH IT FREQUENTLY.
463,love it
471,Omgosh I love your eyes! You&#39;re gorgeous! :)
480,it came out SOLiD :)
490,Love it
504,Beauty!
512,Your Gorgeous(: 
526,"LOVE THIS LOOK
"
562,I love her!!!
594,gurl you lookin finee
595,Wow :D
599,Omg you look like a model
631,"Thank you!
"
660,cute
704,it&#39;s not blue
712,"ur gorg!!
"
713,UR UGLY NO MATTER WHAT YOU PUT ON UR THICK LIPS FACE
740,Love it
746,you&#39;re professional
765,"niceee.
"
775,you look like Cassey!! 
779,"shes gorgeous!
"
811,I love glee
814,you&#39;re GORGEOUS!!!!!!!!!!!!!!!!!!!
815,@PetiteNomNom
834,:)
835,:)
857,Like it
859,great videos!
868,WOW...
890,love it.
899,"Lovely look!
"
917,OMG I LOVE THIS !!!!!!
930,You. Are. BEAUTIFUL!
962,@totesEMMAcoture me too...
971,YOU R GORGEOUS AND VERY GOOD AT VIDEOS!!
985,too much makeup !!!!
1003,"(Its, not bits, My bad)"
1008,you&#39;re gorgeous!!!
1030,"Hate Glee, sorry --&#39;"
1038,Love it! YOUR SO BEAUTIFUL TOO! EVEN WITHOUT MAKEUP! :)
1042,love your eyes :)
1054,So gorgeous!!!!!!
1069,"nice... like it
"
1093,"THX
"
1106,"wow, you&#39;re gorgeous! "
1148,Thank you very much!! 
1164,You&#39;re absolutely gorgeous!&lt;3
1178,love you superb 
1209,great!
1215,GORGEOUS!!!  XX
1221,3! :D
1230,wooooow
1241,Gorgeous!
1258,YOU ARE BEAUTIFUL....!!!
1281,Ur gorgeous!
1284,YOU LOOK AWESOME
1290,&quot;empathis&quot; haha
1315,I love your Lips. :)))
1321,love it!
1330,luv it
1331,"Great video!
"
1333,"LOVE IT!!!
"
1341,OMFG YOU ARE SO PRETTY :O
1380,"OH REALLY .ITS BEAUTIFUL
"
1409,Looks great!!!!
1425,beautyful eyes
1450,gorgeous
1453,You look so gorgeus :)
1470,thanks.dear..........
1479,wow
1490,Very cool..!!
1495,"ANGALINA JOLIE
"
1512,"love ur eyebrows!  :) 
"
1562,Honey you don&#39;t need make-up . Your gorgeous ! [: &lt;3
1576,"your perfect friend...
thank u. 
&lt;3"
1588,i love your eyes :D
1599,"Looks great!!
"
1641,Gorgeous:DD
1645,"omg exquisite!
"
1666,ARE YOU A WOMAN
1667,"very goodddddddd
"
1705,YOU ARE FUCKING BEAUTIFUL!
1741,love it :)
1743,I LURRRRVEEE ITTTT!!!!  &lt;3 
1787,OMG AMAZING! yOU ARE BEAUTIFUL &amp; SOO HELPFUL
1792,lol your ears look plastic
1806,&lt;3 it!!!!
1817,THIS LOOK IS SOO PRETTY KEEP UP THE GOOD WORK!
1821,LOVE YOU!! BRAZIL!
1830,You look like a star!
1837,Thanks! It&#39;s very helplful:)
1843,DAMN GOT SOME JEALOUS BITCHES ON HERE GIRL YOU LOOK GOOD MAKE UP OR NOT :)
1844,ur ears look plastic. lol
1856,I love it! Your gorgeous !
1882,you look like mandy moore
1889,nice!
1913,love it!!!!
1914,u look like Mandy Moree
1945,you. are. gorgeous!
1971,@mcrabuck lips.
1983,cute! &lt;3
2004,"like it
"
2028,LOVE LOVE LOVE LOVE LOVE IT SOO MUCH!!!
2040,Wow. . .. you&#39;re GOOOOOOOD!!!!
2047,I love your make up
2085,BEAUTIFUL! 
2105,luv it!
2108,very good. 
2145,SO PRETTYY
2146,love it...&lt;3
2158,you look BEAUTIFUL
2169,Soooooooooooooo Niceeeeeeeeeeeeeeeeee
2185,Love it!!
2196,@makeupbyeman ok
2207,"@XxXMsQueenXxX 
You&#39;re welcome :)"
2210,i love iit
2219,Love it &lt;3
2228,Gorgeous!!! Absolutely gorgeous!!!
2236,Lovely!
2,TE AMO LEA SEYDOUX
6,Voc
7,FUCK YOU YOUTUBE
16,Lol
24,whatafaq?
