Index,Index1,Comments
1,43,FREDDIE MERCURY
2,58,Gas!!!!!!!
3,60,Gas!!!!!!!
4,164,Freddy Mercury
5,182,Hahaha!! üòÇüòÇ
6,196,sup fam
7,213,Ban
8,229,Not for me
9,232,Is he OK?
10,254,omg you trippin
11,284,It‚Äôs Freddy Mercury
12,313,Freddy mercury
13,321,REACT TO KILLER QUEEN BY QUEEN
14,323,Freddy Mercury
15,326,Freddy Mercury
16,333,"<a href=""https://youtu.be/Lm4eFKekZ64"">https://youtu.be/Lm4eFKekZ64</a>"
17,366,sEE fARM AID 1985. gRrat!
18,377,Oh Yes Queen
19,418,He&#39;s coming out
20,434,Freddy Persian.
21,448,freddy murcury
22,449,Best reaction. Ever.
23,468,NO AUTOTUNE
24,557,STOP FUcK?ING YELL?ING HOLY FUck
25,570,Freddy mercury
26,573,freedy mercury
27,610,Im way behind
28,612,BIPOAR
29,613,An anthem
30,616,Fred Mercury
31,646,Twat
32,715,Coach
33,726,Do Queen - &quot;Cool Cat&quot;
34,730,Best reaction
35,733,u lying
36,741,Great reaction
37,751,Suppenkasper
38,761,FREDDIE MERCURY
39,771,SONG IS ABOUT GUY IN SONG KILLING HIMSELF
40,787,Fake!!
41,799,&#39;jou ron&#39;
42,807,Fukin masterpiece
43,820,Stereo man
44,840,FREDDIE MERCURY
45,888,Love
46,903,"Dude, Priceless!"
47,934,Best reaction!!
48,937,"HIS NAME IS FREDDY <a href=""http://mercury.one/"">MERCURY.ONE</a> OF MANY GREAT SONGS.FREDDY IS FROM IRAN BUT THEY ARE A BRITISH GROUP.{M.G}orig"
49,951,IVE WATCHED A LOT OF REACTIONS AND THIS IS THE BEST!!!!!!!!!!!!!!!!!!!!!!!!!!!!!!!!!!!!!!
50,987,Priceless!
51,1005,Uncommon Shit
52,1084,I CRIED EVERY TIME I HEARD THIS SONG BRUH
53,1088,Dawg lol
54,1142,Gus
55,1145,RIP Freddy Mercury
56,1171,Fake As Fuck !!
57,1206,"<a href=""https://youtu.be/i05gKtHWjGY"">https://youtu.be/i05gKtHWjGY</a>"
58,1212,I love your reaction
59,1243,Well Bisexual
60,1247,!!!!!!!!!!!!!!
61,1256,Freddy Mercury
62,1266,STRAIGHT BANGER
63,1299,Rip Mr mercury
64,1307,Freddy Mercury
65,1325,A Rock Opera
66,1326,Best reactor on YouTube
67,1366,Freddy mercury
68,1372,Freddy mercury
69,1440,Lmao
70,1503,Ohh you&#39;ve made my day!
71,1521,Freddy Mercury
72,1588,Freddy
73,1597,LOL
74,1604,Biggest YAWN on YouTube.
75,1615,Queen&#39;s forever
76,1617,GREAT TUNE!!!!!!!!!!!
77,1638,F R E D D I E M E R C U R Y
78,1673,üòÇ
79,1681,You need help mate
80,1752,"<b>&quot;Mama, oooohhhh&quot;</b><br><br>Shaq: <b>oHOoHoHo</b>"
81,1772,I fucking LOVE you!!!!
82,1784,Freddy mercary
83,1823,Play it
84,1886,Freddy mercury
85,1923,THE SINGER IS THE LEGENDARY FREDDIE MERCURY!!!!!!!!!
86,1924,WAYNE&#39;S WORLD!!!!!!!!!!
87,1941,"<a href=""https://youtu.be/AEG_h2xB3g0"">https://youtu.be/AEG_h2xB3g0</a>"
88,1956,Freddy Mercury
89,1962,mama
90,1986,Let&#39;s. Fucking. Go. Shaq.
91,2031,Man ..... I love you !!!!
92,2052,Freddy mercury
93,2126,EVERYBODY HURTS BY R.E.M.
94,2128,FREDDIE MERCURY HE GONE TOO
95,2139,1974-1975
96,2199,"WHAT THE FUCK IS GOING ON<br><br>Lmao, yep."
97,2232,PLEASE REACT TO HOTEL CALIFORNIA BY THE EAGLES
98,2246,THATS TOUGH
99,2251,FREDDIE MERCURY
100,2274,HE NEEDS SHAKTHERAPY
101,2309,WTF IS GOING ON LMAO IM FUCKING DEAD
102,2355,That‚Äôs QUEEN
103,2399,Masterpiece!
104,2409,üòÇüòÇüòÇüòÇ
105,2418,Bro
106,2464,"Great Band,,,,Love Queen!!!!"
107,2490,Freddy mercury
108,2492,Rest In Peace Freddy Mercury
109,2495,FREDDIE FUCKING MERCURY GOAT!!
110,2500,üòÄ
111,2526,Freddy mercury
112,2531,"Rock Opera, Baby."
113,2537,Best reaction!  Thank you!
114,2586,I love your reactions
115,2619,Freddy Mercury
116,2622,Freddy Mercury
117,2625,My guy reppin my Bucks!!!
118,2665,Freddy Mercury
119,2687,Do break free my boy?!!!!??
120,2688,Break free!!!!!
121,2761,It&#39;s Freddy Mercury
122,2777,FREDDY FUCKIN MERCURY!!!!!!
123,2798,Im RAGING ON THIS SIDE AND CRYING ON THE OTHER LMAO
124,2811,Lol
125,2904,Great video.
126,2920,"<a href=""http://google.ca/"">Google.ca</a>"
127,2924,YOU&#39;VE GOTTA LISTEN TO QUEEN - KILLER QUEEN!!!!!
128,2961,JOHN LENNON- IMAGINE
129,2962,Freddy Mercury
130,2992,Freddy Mercury!!!! Rip
131,3043,Love your reaction
132,3083,"<a href=""https://www.youtube.com/watch?v=hzFpiW5vHrc"">https://www.youtube.com/watch?v=hzFpiW5vHrc</a>"
133,3146,FREDDY MERCURY!!!!! LEGEND!!
134,3164,Freddy Mercury
135,3209,I love your reaction.
136,3271,U2
137,3272,Gloria.  U2
138,3273,Bad.        U2
139,3280,üòÇ
140,3288,masterpeace.
141,3291,Freddy Mercury
142,3343,Freddy murky
143,3412,STOP SHOUTING ITS ANNOYING
144,3416,"PLEASE! CHECK THIS OUT...LOVE YA MAN...<a href=""https://youtu.be/ZCkHanF4v1w?t=20,,,"">https://youtu.be/ZCkHanF4v1w?t=20,,,</a>, 6; 25"
145,3458,Quadriphonic  Sounds
146,3464,LONG LIVE THE QUEEN
147,3470,üòÇüòÇüòÇüòÇ
148,3512,Rock Opera!!!!!
149,3518,Greatness!
150,3540,OMG ITS FREDDIE MERCURY
151,3555,Freddy Mercury
152,3593,YOU   sooooo  funny.!!!!!!!!!!!!!   LOVE  IT..!
153,3611,November Rain Guns n Roses
154,3621,"FREDDIE MERCURY, my man!!!"
155,3630,Great review...very entertaining.
156,3634,WATCH LIVE AID
157,3653,RIP Freddy
158,3657,&quot;bro... WHAT THE FUCK IS GOING ON!?&quot; HAHAHAHAHA
159,3658,ty
160,3665,Fred!
161,3751,I SWEAR TO CHRIST HE IS THE FUNNIEST SON OF A BITCH EVER
162,3805,Freddy Mercury
163,3827,Hahahaha! love it!
164,3830,Rock opera
165,3879,Thank you Freddy!
166,3913,BEST QUEEN REACTION EVER...
167,3914,BEST QUEEN REACTION EVER...
168,3979,625 700..üòÇüòÇüòÇ
169,3986,"<a href=""https://youtu.be/_DRImik3MBo"">https://youtu.be/_DRImik3MBo</a>"
170,4002,Freddy Mercury
171,4023,Freddy mercury
172,4042,Best. Reaction. Ever.
173,4045,Your a fool
174,4056,Freddy mercury
175,4057,Or ANYTHING slipknot
176,4092,Do one PINK FLOYD reaction.
177,4105,KEEP THIS GOING
178,4161,Freddy
179,4163,Freddy Mercury.
180,4186,Your too cute .....
181,4196,U can&#39;t beat Queen
182,4251,Classiccccc
183,4326,Your expressions...OMG!
184,4413,Rip freddy
185,4414,Hahahah. Your welcome.
186,4441,Freddy Mercury
187,4501,Loved your reaction!!
188,4552,lol
189,4602,Dr Brian May!
190,4621,Freddy mofuckin Mercury
191,4652,Joey murcery
192,4662,You&#39;re funny man
193,4667,Freddy Mercury
194,4708,Mercury
195,4710,Good shit bro
196,4738,Freddy üêê
197,4756,7.43 youre welcome
198,4775,Love your reaction !!
199,4806,freddy mercury
200,4809,R.I.P. Freddy Mercury......
201,4824,GWAR !!!!!!
202,4831,"Love you , man."
203,4848,Orange Room Bad!
204,4866,BIFFLE SMIFFLE GRIFFS!!!
205,4875,YOU NEED A POP FILTER!
206,4885,Hahahaaaaahaaa
207,4960,AMEN
208,4968,Freddy Mercury
209,5000,Freddy mercury
210,5025,lol
211,5030,LIVE AID 1985 QUEEN PLS
212,5038,"THE BEST REACTION,PERIOD"
213,5039,Nice reaction Shaq
214,5051,Oh no
215,5072,YONDU IS HERE!
216,5095,Your on crack
217,5115,INFANT ANNIHILATOR!!!! &quot;BLASPHEMIAN&quot;
218,5135,Mercury looks.....
219,5168,üòÇüòÇüòÇüòÇüòÇ
220,5208,GO BUCKS
221,5217,Uncultured swine
222,5228,LED ZEPPELIN. WHEN THE LEVEE BREAKS
223,5267,AHAHAHAHA A VHRISTMAS CAROL
224,5284,Fat Bottom Girls!
225,5286,GANGSTA!!!
226,5302,Do PinkFloyd - Echoes Live at Pompeii
227,5351,BULLSHIIIIIIIIIIITTTTTTT
228,5377,RIP MR MERCURY
229,5380,best Queen reaction video !!!
230,5392,Bad Brains!!!!!!!!
231,5393,IS THIS A CRISTMAS CAROL
232,5415,"I LISTENED, AND TURNED PEOPLE ON TO THIS WHEN I WAS IN 7TH GRADE"
233,5421,PINK FLOYD
234,5433,Hahahahahahahhahaha
235,5473,"<a href=""https://youtu.be/op07UzSCu4c"">https://youtu.be/op07UzSCu4c</a> :)"
236,5520,Lmaoooo
237,5603,Check out KISS.
238,5646,R.I.P FREDDIE!!!
239,5657,BRAZIL!!!!!
240,5670,WHAT THE FUCK IS GOING ON!!!!!!!
241,5684,So fing entertaining...lol
242,5709,Freddy mercury
243,5711,Go Bucks!
244,5735,Rock Opera.
245,5747,Haha! You&#39;re so funny!
246,5756,IT SOUND LIKE A CHRISTMAS CAROL!! DEAD.
247,5757,Mercury
248,5772,Go Bucks!!!
249,5783,"<a href=""https://youtu.be/9enOd3Z7vcY"">https://youtu.be/9enOd3Z7vcY</a>"
250,5927,I love it
251,5950,üòÇüòÇüòÇ
252,5962,queen-under pressure coach
253,6018,WHAT THE FUCK IS GOIN ON
254,6062,Rip freddy
255,6094,Larry lurex
256,6139,Slipknot NO LIFE
257,6145,Pink Floyd- comfortably numb
258,6150,"<a href=""http://www.youtube.com/results?search_query=%23LONGLIVEFREDDIEMERCURY"">#LONGLIVEFREDDIEMERCURY</a> <a href=""http://www.youtube.com/results?search_query=%23LONGLIVEQUEEN"">#LONGLIVEQUEEN</a>"
259,6151,GO BUCKSSSS
260,6157,Great reaction!  I subscribed
261,6161,Lol!
262,6182,üòÇüòÇüòÇüòÇüòÇüòÇ
263,6239,Freddy murcury
264,6293,LOL!
265,6337,CLASSIC
266,6383,Love your reaction so funny. Xx
267,6465,BITCH THATS FREDDIE FUCKING MERCURY
268,6471,Freddy Mercury
269,6475,Love your reaction
270,6534,He had aids
271,6545,LMAO! I love Queen too!
272,6559,Fridde mecury
273,6613,I love your f&#39;n reactions!
274,6618,Bucks #34
275,6632,Great reaction!!!
276,6641,Omg LOLOL You had me ROLLING
277,6654,Activate monkeyspeak amulet
278,6673,Lmao
279,6708,yes
280,6711,Props...
281,6738,THE SONG IS ABOUT LEAD SINGER FREDDY MERCURY HAVING AIDS AND SPREADING IT BUT GETTING BY
282,6740,Grreat reaction
283,6766,Iconic
284,6795,"Rock Opera, bro!"
285,6854,"<a href=""https://www.youtube.com/watch?v=XtLvlaGJJEU"">https://www.youtube.com/watch?v=XtLvlaGJJEU</a>"
286,6910,REACTION TO SUICIDE BOYS!
287,6911,REACTION TO GHOSTMANE!
288,6951,Great channel
289,6963,Freddy mercury
290,6972,Wayne&#39;s World!!!
291,6990,FREDDIE MERCURY!!!!!!!!!!!
292,6999,INSAMNIA!!!! \o/
293,7057,lol subscribed
294,7066,Lol fat bottom girls. Your next Queen reaction
295,7091,Freddy mercury
296,7157,LISTEN TO NF THIS GUY  IS GOOD
297,7197,Johnny Cash-Hurt
298,7214,Va be...Ti amo.üòÇ
299,7241,"Ok, now LISTEN TO THE SONG."
300,7275,FREDDIE MERCURY! FREDDIE MERCURY! FREDDIE MERCURY! FREDDIE MERCURY! FREDDIE MERCURY! FREDDIE MERCURY! FREDDIE MERCURY! FREDDIE MERCURY! FREDDIE MERCURY! FREDDIE MERCURY! FREDDIE MERCURY! FREDDIE MERCURY! FREDDIE MERCURY! FREDDIE MERCURY! FREDDIE MERCURY! FREDDIE MERCURY! FREDDIE MERCURY! FREDDIE MERCURY! FREDDIE MERCURY! FREDDIE MERCURY! FREDDIE MERCURY! FREDDIE MERCURY! FREDDIE MERCURY! FREDDIE MERCURY!
301,7364,AC-DC
302,7368,FREDDIE MERCURY!
303,7382,Acid tripping
304,7404,Magic
305,7448,PLEASE CHECK OUT &quot;TWIST&quot; BY KORN! ITS UTTERLY AMAZING. HE SINGS BACKWARDS
306,7527,SEE WHAT YOU&#39;VE BEEN MISSING
307,7534,Harfo hurg himps!!!
308,7537,Yassss
309,7551,Fye
310,7563,U goin in bro!!
311,7574,Freddy Mercury
312,7587,SYSTEM OF A DOWN!
313,7615,Freddy mercury
314,7618,"back in black, ACDC"
315,7632,"<a href=""https://youtu.be/-tJYN-eG1zk"">https://youtu.be/-tJYN-eG1zk</a>"
316,7633,"<a href=""https://youtu.be/-tJYN-eG1zk"">https://youtu.be/-tJYN-eG1zk</a>"
317,7634,"<a href=""https://youtu.be/-tJYN-eG1zk"">https://youtu.be/-tJYN-eG1zk</a>"
318,7635,"<a href=""https://youtu.be/-tJYN-eG1zk"">https://youtu.be/-tJYN-eG1zk</a>"
319,7636,"<a href=""https://youtu.be/-tJYN-eG1zk"">https://youtu.be/-tJYN-eG1zk</a>"
320,7727,Fat Bottom Girls!!!!
321,7734,"NO, just no"
322,7786,Yassssssss
323,7789,SYSTEM OF THE DOWN. BOYB.
324,7791,Yes!!
325,7796,Class band
326,7839,Weird al
327,7842,EMINEM:  Spend Some Time
328,7850,loooooooolllllllll
329,7876,you don hahahahah
330,7908,Korn - Coming Undone
331,7928,I LOVE THIS SONG ... BLACK CHICK FROM THE LOU SMH !
332,7929,FAT BOTTOM GIRLS - QUEEN
333,8037,SPM music reaction
334,8038,TOOOOOOOOOL
335,8062,Linkin Park - Giving up
336,8092,Magnificoooooooooo
337,8150,Freddy Mercury
338,8162,I got barres
339,8187,SLIPKNOT- DEVIL IN I
340,8228,"<a href=""https://youtu.be/8de2W3rtZsA"">https://youtu.be/8de2W3rtZsA</a>"
341,8240,<b>NIRVANA?!</b>
342,8280,THIS IS MY FAVORITE REACTION FROM YOU BRO!!!
343,8294,hahhahhahahhahahahhahahahahha
344,8296,BARSS
345,8333,Tnx for reacting
346,8409,Freddy Mercury
347,8416,Avenged Sevenfold-Nightmare
348,8468,Pink Floyd - Time
349,8500,"N Carolina <a href=""https://m.youtube.com/watch?v=T3JgUT-fa3A"">https://m.youtube.com/watch?v=T3JgUT-fa3A</a> logic 3 rep it"
350,8502,THIS HAS TO BE UR FUNNIEST REACTION BRUH!!üòÇ
351,8508,"My, guy  your reaction. Priceless."
352,8509,THE TOOOOFS!!!üòÇüòÇ
353,8562,LMFAO üòÖ
354,8569,Hey You - Pink Floyd
355,8574,10/10
356,8640,Freedy mercury
357,8649,"YOOOO, I NEVER WOULD HAVE THOUGHT YOU WOULD&#39;VE REACTED TO THIS"
358,46,ugh
359,73,Nicki Is THE QUEEN
360,105,NICKI THE QUEEN
361,133,Ok <b>Boomer</b>
362,138,"<a href=""https://youtu.be/fCSs8x9Qxqw"">https://youtu.be/fCSs8x9Qxqw</a>"
363,217,PLEASE HAVE THEM REACT TO THE PINKPRINT MOVIE FOR A CHANGE!!!!!!
364,227,But I love Nicki üòÇ
365,270,LMFAO!!!! WT-
366,316,Ok boomerüòÇüòÇüòÇ
367,330,ok boomers
368,345,BARBZ FOR BERNIE!
369,346,barbz4bernie
370,367,OKAY BOOMER üòÇüòÇüòÇüòÇüòÇ
371,378,ELDERS REACT TO HARRY STYLES
372,380,IT‚ÄôS RAP FFS
373,405,tOO MuCH sWEArING shES SHOWing ToO mUcH SKin
374,426,QUEEN NIKI!!
375,444,üòÇüòÇüòÇüòÇ
376,450,QUEEN
377,465,SOMETHING FOR SHAMPOO LOL
378,480,ELDERS REACT TO IGGY AZALEA
379,491,TMI~~
380,495,ELDERS REACC TO EVERYTHING IS LOVE BY THE CARTERS PLS!!!!!!
381,507,EMINEM NEXT PLEASE
382,518,<b>r/wooosh</b>
383,524,TEENS REACT TO KAMIKAZE EMINEM
384,544,thic
385,556,"LEGENDS IN PORTUGUESE, PLEASE!"
386,580,Bts compilation
387,590,2 Chainz: Nicki Nicki Nicki
388,610,REACT TO QUEEN!
389,621,Queen Nicki
390,626,GoOd GrAvY
391,653,lol
392,660,PLEASE REACT TO JOYNER LUCAS
393,667,I cannnnTttt
394,696,H
395,747,REACT TOO MOO BY DOJA CAT
396,749,ELDERS REACT TO SWEETENER
397,768,She No Angle
398,775,Socorooo
399,777,Do Ghost BC
400,779,<b>TOOK THIS LONG</b>
401,783,Lolll
402,788,TEENS REACT TO HYUNA!!
403,794,Elders react TO AVENGED SEVENFOLD
404,796,<b>ARIANA GRANDE</b> pls
405,800,SHE THE QUEENNN
406,809,WHY ISN‚ÄôT CATHERINE HERE? SHE WOULD ROCK NICKI MUSIC I WAS SO READY
407,818,ELDERS REACT TO ARIANA GRANDE
408,831,PLEASE HAVE A REACT TO DEAN THE KRNB ARTIST!!!!! PLLLLLEEEEAAASSSEEE.
409,834,&quot;No hell no&quot; üòÇ
410,837,HAVE THEM REACT TO APS*IT BY THE CARTERS
411,845,React KREAM
412,856,DOJO CAT - MOOOOO
413,863,REACT TO CHARLIE PUTH
414,865,GOOD GRAVY üòÇüòÇ
415,868,REACT TO LIL KIM...THE ORIGINATOR!
416,869,REACT TO CHARLIE PUTH PLZZZZZ
417,880,queeeeeeeeen
418,882,ELDERS REACT TO IC3PEAK
419,887,"‚ÄúOh, Dicki.‚Äù"
420,906,shit&#39;s fire
421,908,<b>Queen Nicki</b>
422,954,MAKE TEENS AND ADULTS REACT TO IDOL BY BTS
423,968,Meek next!
424,975,PLEASE REACT TO IDOL BY BTS
425,976,REACT TO LEAFSSENSEI!!!!!!!!!!!
426,980,Astroworld #1
427,988,I love Robert
428,991,ELDERS OR PARENTS REACT TO NF
429,993,YAWN
430,1006,ELDERS REACT TO &quot;MOO&quot; BY DOJA CAT!
431,1059,REACT TO PRETTY MUCH PLEASE!!!!!!!!!!!!!!!!!!!!!!!!!!!!!!!!
432,1060,ELDERS REACT TO TRAVIS SCOTT
433,1061,REACTION TO IDOL BY BTS PLS
434,1063,ELDERS REACT TO TRAVIS SCOTT
435,1067,ELDERS REACT TO NAS!
436,1069,REACT TO SWEETENER BY ARIANA GRANDE PLZ
437,1071,ELDERS REACT TO GOD IS A WOMAN BY ARIANA GRANDE
438,1088,REACT TO SWEETENER BY MISS ARIANA GRANDE.
439,1094,REACT TO HAYLEY KIYOKO COME ON
440,1097,SWEETENER!!!
441,1101,React to- K.A.A.N
442,1111,REACT TO TOM MACDONALD PLZ!
443,1116,Lol
444,1118,REaCT TO LIL PEEP
445,1128,ELDERS REACT TOO MOO BY DOJO CAT!!!!!!
446,1134,ELDERS REACT TO FEFE
447,1158,GOOD GRAVY NICKI!
448,1166,REACT TO QUEEN PLEASE
449,1173,BTS LOVE YOURSELF ANSWER!!!! IDOL
450,1178,üòù
451,1196,REACT TO FEFE
452,1210,KIDS REACT TO PHISH
453,1212,KIDS REACT TO FOO FIGHTERS!!!
454,1214,React To Ghost!
455,1218,ELDERS REACT TO BOHEMIAN RHAPSODY MOVIE TRAILERS ! ! ! !
456,1221,React okgo
457,1232,REACT TO HARRY STYLES
458,1239,Oh micki
459,1241,üòÇüòÇüòÇüòÇüòÇ
460,1246,ELDERS REACT TO NF PLEASE.!!!!!
461,1256,ELDERS REACT TO APESHIT
462,1257,YOUTUBERS/TEENS REACT TO IDOL BY BTS
463,1274,REACT TO BTS IDOL!!!
464,1290,REACT TO BTS IDOL
465,1291,QUEEN
466,1293,GoOd GrAvY
467,1296,REACT TO JESSIE REYEZ
468,1297,ELDERS REACT TO TOOL !!!
469,1299,SWWEEETEEEENEEER
470,1360,FIRST NIKI IS NOT QUEEN CARDI IS REACT TO CARDI PLS
471,1367,Parkway Drive!!
472,1397,Nicki NIGnag
473,1398,REACT TO SWEETENER
474,1400,EVERYONE REACT TO BTS IDOL MV!!!
475,1426,üòÇüòÇüòÇ
476,1452,REACT TO ARIANA GRANDE PERFORMING GOD IS A WOMAN AT THE VMAS 2018
477,1453,REACT TO ARIANA GRANDE PERFORMING GOD IS A WOMAN AT THE VMAS 2018
478,1455,REACT TO ARIANA GRANDE PERFORMING GOD IS A WOMAN AT THE VMAS 2018
479,1456,REACT TO ARIANA GRANDE PERFORMING GOD IS A WOMAN AT THE VMAS 2018
480,1457,REACT TO ARIANA GRANDE PERFORMING GOD IS A WOMAN AT THE VMAS 2018
481,1458,REACT TO ARIANA GRANDE PERFORMING GOD IS A WOMAN AT THE VMAS 2018
482,1473,REACT TO TRAVIS SCOTT PLEASE
483,1481,LIL PEEP
484,1490,WOW
485,1498,"eat, sleep, STAN LOONA!"
486,1505,I love rock
487,1510,sweetener!!!
488,1516,REACT TO SWEETENER
489,1524,REACT TO MOO
490,1533,REACT TO THE KPOP GROUP LOONA!
491,1554,REACT TO THE #1 ALBUM ON THE US TOP 200 SWEETENER BY ARIANA GRANDE
492,1558,REACT TO SWEETENER
493,1563,#2
494,1570,Sweetner
495,1577,PLS REACT TO IDOL BY BTS
496,1587,"<a href=""http://www.youtube.com/results?search_query=%23HereFromFBE2"">#HereFromFBE2</a>"
497,1592,REACT TO BTS IDOL
498,1620,REACT TO BTS - IDOL
499,1621,REACT TO BTS - IDOL
500,1623,"REACT TO BTS - IDOL, PLEASE"
501,1630,REACT TO BTS IDOL!!!
502,1632,REACT TO BTS IDOL!!
503,1634,KIDS REACT TO BRING ME THE HORIZON
504,1655,REACT TO IDOL BY BTS!!!!!!!
505,1658,REACT TO IDOL BY BTS
506,1659,TEENS REACT TO BEBE REXHA!!!! Pls
507,1662,PLEASE REACT TO IDOL BY BTS! STRONG POWER THANK YOU
508,1664,PARENTS REACT TO TRAVIS SCOTT!!!
509,1665,IDOL BY BTS
510,1669,TEENS REACT TO IDOL BY BTS !!!!!!!
511,1672,Fefe?
512,1673,POOR NICKI SHE BEEN FLOPPING
513,1693,ADULTS REACT TO IDOL BY BTS
514,1700,REACT TO BTS - IDOL
515,1711,ELDERS REACT TO MOOO! BY DOJA CAT
516,1732,REACT TO DAILY DOSE OF INTERNET
517,1736,TEENS REACT TO BTS &#39;&#39;IDOL&#39;&#39;
518,1744,TEENS REACT TO BTS IDOL PLEASE!
519,1745,REACT TO LOONA !!!
520,1749,<b>PLEASE REACT TO IDOL BY BTS!</b>
521,1750,REACT TO IDOL BY BTS!!!
522,1751,<b>REACT TO KPOP GROUP LOONA!</b>
523,1753,<b>REACT TO KPOP GROUP LOONA!</b>
524,1757,<b>REACT TO KPOP GROUP LOONA!</b>
525,1768,REACT TO LOONA PLS THX
526,1780,YAAAAAAASSSSSSSSSS
527,1790,REACT TO BTS ‚ÄúIDOL‚Äù
528,1806,Omg üòÇüòÇ
529,1813,Oop
530,1822,COLLEGE KIDS REACT TO BARBIE DREAMS
531,1833,CARI B
532,1835,React To BTS IDOL!!!
533,1847,LOVE NICKI
534,1851,REACT TO BTS IDOL
535,1852,DIFFERENT AGE GROUPS REACT TO BTS IDOL
536,1854,COLLEGE KIDS REACT TO BTS IDOL
537,1855,ADULTS REACT TO BTS IDOL
538,1856,TEENS REACT TO BTS IDOL
539,1857,REACT TO BTS IDOL
540,1858,BTS IDOL PLEASE
541,1859,REACT TO SWEETENER !
542,1860,BTS IDOL
543,1868,REACT TO BTS IDOL !!!
544,1870,REACT TO IDOL MV BY BTS AND THE MV WITH NICKI WHEN ITS OUT
545,1874,Sweetenerrrrr
546,1883,Kids React To LINKIN PARK
547,1893,PLEASE REACT TO IDOL BY BTS
548,1902,ninki majaj*
549,1914,Elders react Amon Amarth
550,1915,REACT TO ARIANA GRANDE SWEETENER
551,1922,REACT TO BTS IDOL
552,1929,BTS IDOL PLEASE!!
553,1931,<b>COLLEGE KIDS REACT TO DREAMCATCHER PLEASE</b>
554,1952,Queen
555,1958,REACT TO BTS IDOL! PLEASE!
556,1974,REACT TO LOONA
557,1975,<b>COLLEGE KIDS REACT TO BTS IDOL PLEASE</b>
558,1976,SCORPIONS PLEASE
559,1983,REACT TO GIRLS GENERATION LEGACY
560,1986,"<a href=""http://www.youtube.com/results?search_query=%23HereFromFbe2"">#HereFromFbe2</a>"
561,1988,REACT TO BTS &quot;IDOL&quot;
562,2012,PLS DO COLLEGE KIDS REACT TO IDOL BY BTS
563,2016,REACT TO BTS IDOL
564,2019,EVERYONE REACT TO BTS IDOL MV!!!
565,2020,now <b>THAT&#39;S A LOT OF SKIN</b>
566,2027,COLLEGE KIDS REACT TO BTS IDOL
567,2030,COLLAGE REACT TO BTS IDOL PLEASEEEE
568,2034,BLACKBEAAARRRR
569,2036,BTS IDOOOOOOOOOOOOOOOOOOOOOOOOOOOOOOOOOOOOOOOOOOOL
570,2039,BTS IDOL FEAT NICKIII
571,2045,<b>REACT TO BTS IDOL</b>
572,2077,PLEAASEEE REACT TO BTS - IDOL
573,2084,REACT TO LOONA
574,2085,REACT TO IDOL BY BTS  PLEASE!!!!!
575,2087,"<a href=""http://www.youtube.com/results?search_query=%23HereFromFBE2"">#HereFromFBE2</a>"
576,2090,YOUTUBERS REACT TO IDOL BY BTS PLZ
577,2091,"<a href=""http://www.youtube.com/results?search_query=%23HereFromFBE2"">#HereFromFBE2</a>"
578,2098,REACT TO 5SOS
579,2100,REACT TO BTS IDOL
580,2105,REACT TO BTS IDOL AND THE VERSION WITH NICKI
581,2118,PLEASE REACT TO IDOL BY BTS
582,2151,Ok
583,2172,WOULD&#39;VE BEEN BETTER IF THE ADULTS/ TEENS REACTED TO THIS
584,2189,ELDERS REACT TO ARIANA G. SWEETENER PLS
585,2213,"<a href=""http://www.youtube.com/results?search_query=%23BARBZ"">#BARBZ</a>"
586,2230,REACT TO GHOST
587,2234,"<a href=""http://www.youtube.com/results?search_query=%23HereFromFBE2"">#HereFromFBE2</a>"
588,2266,<b>&quot;THAT&#39;S A LOT OF SKIN&quot;</b>
589,2280,REACT TO LOONA!!
590,2289,"<a href=""http://www.youtube.com/results?search_query=%23HereFromFBE2"">#HereFromFBE2</a>"
591,2290,<b>GOOD</b> <b>GRAVY</b> HAHAHAHAHA
592,2312,Hahahaha
593,2316,REACT TO LIL PEEP
594,2328,ELDERS REACT TO <b>LIL UZI</b>
595,2346,REACT TO SWEETENER
596,2349,REACT T SWEETENER OMG
597,2357,REACT TO SEVENTEEN
598,2361,REACT TO SCARLXRD
599,2362,REACT TO ARIANA GRANDE SWEETENER!!!!
600,2364,REACT TO NCT
601,2376,Reaction request <br>Nightwish
602,2378,ELDERS REACT TO ARIANA GRANDE‚ÄôS SWEETENER ALBUM
603,2380,FINALLY!
604,2386,IVE BEEN WAITING FOR THIS THANK YOU
605,2394,REACT TO TRAVIS SCOTT
606,2408,THATS ARIANA GRANDE
607,2416,"<a href=""http://www.youtube.com/results?search_query=%23NickiXBTS"">#NickiXBTS</a> ??"
608,2432,TO FREEDOM
609,2433,EVERYONE REACTS TO HONESTLY BY GABBIE HANNA!!
610,2439,"<a href=""http://www.youtube.com/results?search_query=%23HereFromFBE2"">#HereFromFBE2</a>"
611,2448,Stream QUEEN
612,2449,SWEETENER
613,2475,Do STEFAN KARL
614,2477,Stefan Karl
615,2483,Omg yes!
616,2490,Yass
617,2492,iS SHe sOme SOrT oF gODDeSs?!?<br>YES SHE IS
618,2495,PLZ REACT TO FAIRY TAIL
619,2503,<b>R/woooosh</b>
620,2515,TO FREEDOM
621,2528,REACT TO CINEMASSACRE&#39;S AVGN!
622,2532,üòÇ
623,2533,Awful &quot;artist&quot;
624,2555,IMMA KEEP SPAMMING MY REQ UNTIL I GOT SOMEONE TO SEE IT
625,2556,ELDERS REACT TO SWEETENER
626,2567,ELDERS REACT TO SWEETENER PLEASE
627,2570,REACT RTO SWEETENERRRRR PLEASE
628,2574,COLLEGE KIDS REACT TO BTS ANSWER
629,2576,ELDERS REACT TO BTS ANSWER
630,2618,Queen
631,2628,<b>NICKI IS A QUEEN</b>
632,2632,REACT TO LOONA
633,2643,I LOVE THE READ COAT GIRL
634,2649,HI GUYS PIN ME IF YOUR AMAZING
635,2659,ELDERS REACT TO THE SWEETENER ALBUM
636,2660,(  )  ):::::::::::::::::::::::::D
637,2671,TEENS REACT TO LOONA
638,2673,COLLEGE KIDS REACTS TO LOONA
639,2685,ok i&#39;m so over y&#39;all
640,2703,"PLZ REACT <a href=""https://www.youtube.com/watch?v=iFyr2qh4V4M&amp;feature=push-u-sub&amp;attr_tag=64sFevTAbqh-i28L%3A6"">https://www.youtube.com/watch?v=iFyr2qh4V4M&amp;feature=push-u-sub&amp;attr_tag=64sFevTAbqh-i28L%3A6</a>"
641,2706,REACT TO GABBIE HANNA&#39;S &quot;HONESTLY (ENCORE)&quot;!
642,2732,"<a href=""http://www.youtube.com/results?search_query=%23HereFromFBE2"">#HereFromFBE2</a>"
643,2736,I NEED TO SEE A TEENS VERSION TOO
644,2781,REACT TO LIL PEEP
645,2783,ELDERS REACT TO ARIANA GRANDE SWEETENER
646,2788,REACT TO SWEETENER
647,2807,ELDERS REACT TO BILLIE EILISH
648,2817,QUEEN.
649,2820,Lil Peep pls
650,2821,Lil Peep pls
651,2843,REACT TO THE FLATBUSH ZOMBIES
652,2845,"<a href=""http://www.youtube.com/results?search_query=%23HereFromFBE2"">#HereFromFBE2</a>"
653,2850,"<a href=""http://www.youtube.com/results?search_query=%23HereFromFBE2"">#HereFromFBE2</a>"
654,2851,"YASS, BEEN WAITING FOR THIS"
655,2856,"<a href=""http://www.youtube.com/results?search_query=%23HereFromFBE2"">#HereFromFBE2</a>"
656,2857,REAXT TO LOONA
657,2860,TEENS REACT TO AALIYAH PLS
658,2878,FINALLY!MY IMPACT. :)
659,2883,REACT TO SWEETENER
660,2897,REACT TO AALIYAH
661,2898,YES
662,2901,TEENS REACT TO SWEETENER - ARIANA GRANDE
663,2903,REACT TO LIL PEEP PLEASEE
664,2923,REACT TO LOONA PLEASE
665,2928,"<a href=""http://www.youtube.com/results?search_query=%23HereFromFBE2"">#HereFromFBE2</a>"
666,2929,"KIDS REACT TO SLAYER, PLEASE"
667,2938,ELDERS REACT TO NF
668,2941,TO FREEDOM!!!!
669,2956,REACT TO LIL PEEP
670,2957,"<a href=""http://www.youtube.com/results?search_query=%23HereFromFBE2"">#HereFromFBE2</a>"
671,2959,REACT TO ARIANA GRANDE SWEETENER
672,2961,ELDERS REACT TO TOOL PLEASE! LIKE SO THEY SEE THIS!!!
673,2971,KIDS REACT TO GERMAN POP PUNK BAND TOKIO HOTEL!!!
674,2974,COLLEGE KIDS REACT TO THE BAND YELLOWCARD!!!
675,2978,ADULTS REACT TO SCOTTISH PIRATE BAND ALESTORM!!!
676,2980,SWEETENER
677,2984,Good <b>GRAVY</b>
678,3012,TEENS REACT TO PALAYE ROYALE :)
679,3024,QUEEN OF RAPPPP
680,3025,TO FREEDOM!!!
681,3031,REACT TO LIL KIM
682,3036,"YA TODA CHUN LI, PASANDO LA QUEEN"
683,3067,"<a href=""http://www.youtube.com/results?search_query=%23HereFromFBE2"">#HereFromFBE2</a>"
684,3084,ELDERS REACT TO JOJO/ANIME!!
685,3104,ELDERS REACT TO GHOSTMANE
686,3106,ELDERS REACT TO IMAGINE DRAGONS
687,3107,REACT TO <b>MOO BY DOJA CAT</b>
688,3109,ELDERS REACT TO GHOST
689,3110,ELDERS REACT TO GHOST
690,3115,ELDERS REACT TO GHOST
691,3126,HAVE THE TEENS REACT TO HER
692,3127,"<a href=""http://www.youtube.com/results?search_query=%23HEREFROMFB2"">#HEREFROMFB2</a>"
693,3133,aiRiAnA
694,3137,ELDERS REACT TO ARIANA GRANDE SWEETENER
695,3145,REACT TO NCT
696,3149,Buy/stream Queen
697,3150,REACT TO WHY DON&#39;T WE
698,3154,"<a href=""http://www.youtube.com/results?search_query=%23HereFromFBE2"">#HereFromFBE2</a>"
699,3162,hahahahahahhahaha
700,3170,REACT TO SWEETENER PLEEEEEEAASSE
701,3177,Sixnine
702,3180,SWEETENER
703,3186,YUNG GRAVY
704,3189,YUNG GRAVY
705,3190,pfffff ... superbass ftw !
706,3199,hi
707,3216,"Supertramp, Supertramp, Supertramp, Supertramp, Supertramp,Supertramp, Supertramp, Supertramp!üòá"
708,3242,T H I C C P U K E
709,3248,"<a href=""http://www.youtube.com/results?search_query=%23HereFromFBE2"">#HereFromFBE2</a>"
710,3260,"<a href=""http://www.youtube.com/results?search_query=%23HereFromFBE2"">#HereFromFBE2</a>"
711,3268,PLEASE REACT TO HAYLEY KIYOKO!!!
712,3274,REACT TO LOONA
713,3275,ELDERS REACT TO CNCO
714,3276,Fbe
715,3281,"<a href=""http://www.youtube.com/results?search_query=%23HereFromFBE2"">#HereFromFBE2</a>"
716,3284,REACT LOONA!
717,3287,Here rom FBE2!
718,3295,<b>Queen</b>
719,3299,THATS ALOTTA SKIN
720,3305,hey
721,3331,BTS
722,3332,BTS
723,3334,6ix9ine
724,3335,TEENS AND ADULTS SHOULD REACT TO NICKI&#39;S QUEEN ALBUM
725,3345,CHUN-LI THE QUEEN. TEENS AND ADULTS REACT TO QUEEN ALBUM
726,3347,TEENS AND ADULTS REACT TO QUEEN ALBUM
727,3348,Robert= Relatable
728,3351,REACT TO MARIAH CAREYS NUMBER 1 HITS
729,3355,REACT TO BATINTHESUN
730,3357,üòÇ
731,3359,QUEEN OF RAP
732,3362,NICKI IS THE REAL QUEEN. SHE IS SERVING THE TEAAAA
733,3364,SHE&#39;S THE QUEEEEEEEE
734,3366,Lol
735,3368,&quot;ELDERS REACT TO QUEEN OF RAP&quot;
736,3375,Juice Wrld!!!
737,3381,AHHHH MY QUEEEEEEEEEEEEEN&lt;3&lt;3&lt;3
738,3394,ELDERS REACT TO LOONA
739,3396,Nice
740,3397,Astroworld No 1!
741,3405,THE QUEEN OF RAP
742,3433,<b>gOOd GrAvY!</b>
743,3445,REACT TO LOONA
744,3448,FBE REACT TO LOINA
745,3454,"PLEASE DO TEENS  REACT TO AFRO BEATS LIKE WIZKID,TIWA SAVAGE, DAVIDO,MR EAZI, OLAMIDE"
746,3461,Hi fbe
747,3466,TEENS REACT TO NCT
748,3471,Elders React To 6ix9ine
749,3484,"<a href=""http://www.youtube.com/results?search_query=%23QUEEN"">#QUEEN</a>"
750,3499,REACT TO DREAMCATCHER!!!!
751,3502,REACT TO HYUNA!!
752,3509,REACT TO A STAR IS BORN TRAILER
753,3512,tHat‚ÄôS a LoT oF sKiN
754,3522,Lol
755,3526,Neat
756,3528,P!NK P!NK P!NK P!NK P!NK P!NK P!NK P!NK P!NK P!NK P!NK P!NK P!NK P!NK P!NK P!NK P!NK P!NK P!NK P!NK P!NK P!NK P!NK P!NK P!NK P!NK P!NK P!NK P!NK P!NK P!NK P!NK P!NK P!NK P!NK P!NK P!NK P!NK P!NK P!NK P!NK P!NK P!NK P!NK P!NK P!NK P!NK P!NK P!NK P!NK P!NK P!NK P!NK P!NK P!NK P!NK P!NK P!NK P!NK P!NK P!NK P!NK P!NK P!NK P!NK P!NK P!NK P!NK P!NK P!NK P!NK P!NK P!NK P!NK P!NK P!NK P!NK P!NK P!NK P!NK P!NK P!NK P!NK P!NK P!NK P!NK P!NK P!NK P!NK P!NK P!NK P!NK P!NK P!NK P!NK P!NK P!NK P!NK P!NK P!NK P!NK P!NK P!NK P!NK P!NK P!NK P!NK P!NK P!NK P!NK P!NK P!NK P!NK P!NK P!NK P!NK P!NK P!NK P!NK
757,3532,queen
758,3533,Ooooooo
759,3534,OKG FINALLY
760,3535,WHEN ARE THEY GONNA REACT TO MJ
761,3542,yAYAYAYYAYAYAYAYAYYAYAYAYAAAAAAAAAAAAAAAAAAAAAAAAAAAAAAAAAAAAAAAAAAAAAAAAAAAAAAAAAAAAAAAAAAAAAAAAAS
762,3552,#1 IN 86 COUNTRIES BUT THE US AINT 1 üòÇ
763,3561,Hello
764,3582,XD I can&#39;t
765,3595,Hi
766,3596,Early
767,3601,Early!
768,3608,Elders React To Scarlxrd !!!
769,3614,SLAY QUEEEEEN
770,3627,CAN YOU PLEASE DO ELDERS REACT TO CANNIBAL CORPSE!?!?!?
771,3657,Yassssss$sssssssssss
772,3666,ELDERS REACT TO ADELE! PLEASE!
773,3672,Im first
774,3677,Woah
775,3684,BEEEN WAITING FOR THIS FOREVER OMGGG
776,3699,Notification squad!
777,3705,LLC OR GOOD FORM PLSSS
778,3711,REACT TO TRAVIS SCOTT
779,3715,Yasss
780,3730,<b>miCki niNaJ</b>
781,3732,wig
782,3735,I love her
783,3749,REACT TO RUSS!!!!!!!
784,3754,Love your channel
785,3780,PLEASE REACT TO TINI STOESSEL
786,3785,REACTION TO TINI STOESSEL
787,3789,NCT NCT NCT
788,3791,TINI STOESSEL
789,3794,REACT TO BYE LENA PROBLEMS IT SO GOOOD
790,3797,REACT TO TINI STOESSEL
791,3799,Wowwww. I like her
792,3810,Yesss!
793,3814,Hey
794,3818,"Oh, Lord."
795,3820,REACT TO KSI ON POINT
796,3822,TEENS REACT TO TINI STOESSEL SHE&#39;S SUCH AN AMAZING PERSON
797,3823,&quot;GOODGRAVY&quot;üòÇüòÇüòÇ
798,3829,Omg
799,3830,üòÇüòÇüòÇ
800,3835,Hi
801,3836,I love your content
802,3843,112
803,3846,TEENS REACT TO TINI STOESSEL
804,3850,Notificationsquad
805,3851,89th
806,3855,Love her
807,3857,Well
808,3865,Love your vids
809,3866,haahaahaahaa
810,3867,"<a href=""http://www.youtube.com/results?search_query=%23Early"">#Early</a>"
811,3870,NOTICE ME FBE
812,3872,Early
813,3873,I LOVE NICKI
814,3875,Not first again.
815,3878,WHO&#39;S OBSESSED WITH FBE
816,3881,Hey
817,3883,Hi
818,3885,REACT TO FRANK OCEAN PLLZZZZZZZ
819,3893,REACT TO LELE PALMS OR HANNAH STOCKINGS
820,3895,1
821,3896,Hah
822,3899,love
823,3902,Here.
824,3911,REACT MY SONGSSS BR &lt;3
825,3913,"<a href=""http://www.youtube.com/results?search_query=%23earlysquad"">#earlysquad</a>"
826,3916,I WANTED THIS
827,3922,Uhhh first?
828,15,LUCAS IS SO FRUITY I LOVE HIM SM
829,19,Wow
830,33,‚ÄúI NEVER SEEN BUNS THAT BIG‚Äù
831,73,THEY ARE SO INNOCENT
832,75,MAGIC SCHOOL BUS IS SUS
833,78,Great
834,89,THATS PRETTY SUS
835,103,AND THEY DID THE DEVILS TANGO
836,105,THE MAGIC SCHOOL BUS ONE OMG
837,149,Ayoooo
838,177,#7 had me shook
839,222,DONT EAT THAT STUFF MAGIC SCHOOL BUS GIRL
840,229,Seaworld?
841,240,OH. MY. GOD.G
842,289,Smh
843,292,THE MAGIC SCHOOL BUS ONE IS WILD
844,300,Omg
845,306,4&amp;+@6
846,316,Omfg üòÇüòÇüòÇ
847,366,Ayo
848,377,cvm
849,384,LOL THE VIBRATOR
850,389,NOOOO NOT STEVEN UNIVERSE
851,392,SO FUNNY
852,422,WHAT? THE STEVEN UNIVERSE ONE WASNT LIKE THAT RIGHT?
853,432,I love Lucas
854,436,THE KIDS- THERE SO WHOLESOME-
855,437,THE FIRST ONE-
856,480,Cream
857,520,THE 8TH AND 7TH OH GOD
858,526,Omg number 7 just shocked me
859,569,Aye
860,583,NUMBER 7
861,599,Lol
862,612,Ayo
863,621,Hadley üòÇüòÇ
864,663,Nice
865,672,SOMEONE GIVE LUCAS HIS OWN GODDAMN SHOW
866,673,I WANNA EXPLAIN THE MAGIC SCHOOL BUS ONE SO BAD PLS‚Äî
867,689,THE MAGIC SCHOOL BUS-üòÄ
868,696,SEAWORLD?
869,698,Oh my goshhhhhh
870,704,tree!!!!
871,708,Number 7...
872,715,üòÇüòÇüòÇüòÇüòÇüòÇüòÇüòÇüòÖüòÖüòÖüòÖüòÖüòÖüòÖüòÖ
873,723,WFT MAGIC SCHOOL BUS
874,755,THEY SHOWED ME MAGIC SCHOOL BUS IN MY CLASSROOM!! IT WAS THE SAME EPISODE
875,764,THE VIDEO GAME WAS SOOOO FUN ;)
876,769,I LOVE LUCAS SO MUCH
877,785,Shhhhhhhhhhhhhhhhheeeeeeeeeeee
878,792,STEVEN UNIVERSE YASS
879,798,???
880,811,HahahahahahahahahahahaüòÖüòÖüòÖüòÖüòÖüòÖüòÖ
881,813,OMGI CANT WITH STEVEN AHHHHHH
882,844,I&#39;m terrified
883,863,I-<br>I WANT TO BE KIDDDD
884,872,SUS
885,911,OMG NOOOO THE MAGIC SCHOOL BUS ONE IM GONNA CRYYYY
886,921,XD
887,974,Buttox hahahaha
888,979,NOT THE WHITE STUFF IN THE MAGIC SCHOOL BUS??!!!
889,984,stopstopstopstopstopstopstopstopstopstopstopstop
890,1004,AMI NO
891,1029,OMG I LOVE LUCAS
892,1049,LOL
893,1050,THE MAGICAL SCHOOL BUS ONE- I CANT ANYMORE-
894,1051,BAHAHA LUCAS KNOWS THE SEAWORLD REFERENCE FROM JOANA CERINA
895,1062,HOLY CRAP THE MAGIC SCHOOL BUS ONE-
896,1080,LMFAO
897,1083,LUCAS
898,1097,Why 5
899,1108,Just no
900,1119,WHERE WOULD A SPONGE HAVE HAIR?!
901,1120,I&#39;VE NEVER SEEN BUNS THAT BIG!!!!!!!!!!!!!!!!!
902,1124,JORDYN FROM FAMILY<br>REUNION
903,1134,SEAWORLD...
904,1140,<b>STEVEN!! NOOO</b>
905,1146,My my child hood üòÇ
906,1148,And 8
907,1149,"5,6,7"
908,1153,Lucas
909,1168,LoL
910,1199,LUCAS&#39; FIT Y&#39;ALL
911,1222,PLSS I LITERALLY LOVE LUCAS
912,1263,()()<br>-----
913,1264,THAT GIRL IS FROM FAMILY REUNION
914,1274,I LOVE LUCAS
915,1286,Mom it&#39;s Fresh comment again.
916,1287,BRUHHH IM 11 AND I GOT THE MAGIC SCHOOL BUS ONE
917,1291,Hi
918,1292,$3x
919,1293,Same as five
920,1295,4. $3x
921,1297,B@!!s
922,1298,I like Lucas
923,1318,omg
924,1320,KIDS REACT TO FRIDAY NIGHT FUNKIN
925,1359,I love Lucas.
926,1377,Ooooooof
927,1387,why blaspheme
928,1396,WHITE STUFFüòÇüòè
929,1413,OH MY DEAR FUCKING GOD THE MAGIC SCHOOL BUS
930,1416,üòÇüòÇüòÇüòÇ
931,1455,Lol
932,1456,WAIT WHITE STUFF THAT BETTER NOT BE A GREEN MALE
933,1467,K
934,1482,OMG THEY PUT THE MAGIC SCHOOL BUS ON THERE
935,1511,OMG....
936,1512,Sus
937,1531,üòè
938,1537,WOAHHHH HMMMMMMMMMMMM 7 SUS DO
939,1551,THE MAGIC SCHOOL BUS ONE
940,1562,I remember Lucas.
941,1573,KIDS REACT TO CORPSE MUSIC ITD BE SOOOOOO FUNNY
942,1577,I HATE THE 7TH SCENE SO MUCH OH MY GOOOOOOOOOOOOOOOOOOOOD
943,1587,STAN BLACKPINK
944,1627,LMAOOOOOO
945,1643,Glucose
946,1652,A
947,1697,OmL JuSt WhAT|.
948,1720,Oh no
949,1729,I swear Luca
950,1730,IM DYING
951,1731,Player 2 juesus
952,1733,number 7 bro
953,1751,"number 7 , I-"
954,1753,WHAT THE FUCK WAS NUMBER 7
955,1766,BHAHAHA THE MAGIC SCHOOL BUS ONE MAD ME DIEEEEE
956,1785,WANDA NOOOO!
957,1830,OMG LUCAS YOU ICON
958,1858,O-O
959,1863,IM SO FRICKING DIRTY MINDED
960,1869,I luv lucas
961,1882,nice<br>perfect
962,1886,THE ANIMANIACS ONE THOUGH!!
963,1901,unlike me
964,1907,Sd
965,1915,it
966,1941,Omg
967,1952,0_0
968,1954,Play boy book
969,1961,RIP
970,1970,Soooo oblivious XD
971,1979,Wtf Lucas-
972,1991,Oh...............
973,2029,"<a href=""http://www.youtube.com/results?search_query=%23sea_world"">#sea_world</a>"
974,2053,same
975,2070,LUCAS IS LITERALLY MY SPIRIT ANIMAL I CANT
976,2071,Yoooo
977,2081,OMG NO NOT THE SCHOOL BUSS ONE NOOOOO LMAOAOOAOA
978,2088,LUCAS IS LYING BROOO
979,2134,Help me
980,2207,PHOTOSYNTHESIS + NECTAR
981,2218,KIDS REACT TO MEGADETH PLEASE!!!! TORNADO OF SOULS AND HEAD CRUSHER PLEASE
982,2235,Omg
983,2238,Uhh
984,2247,I&#39;m 6 okkkkkkkkkkkk
985,2278,OH MY GOD I HADN‚ÄôT EVEN NOTICED THE STEVEN UNIVERSE ONE WHEN I FIRST WATCHED THAT EPISODE!!!!
986,2300,Hi
987,2311,Oof
988,2323,BROOOO LUCAS HAS GROWNNNN WHY IS EVERY 08/07/09 KID LGBTQ?!
989,2340,OMGGGGGG I FORGOT ABOUT CHOWDER!!!!!
990,2358,Number 7 omfg
991,2360,<b>nock nock nock</b> FBI OPEN UP !!
992,2405,At 7;07 SHE KNOWS ACTUALLY WHAT IT IS
993,2409,:)
994,2416,WOULD IT BE APPROPRIATE FOR THEM TO REACT TO MOTHER MOTHER-
995,2423,ONE OF THE KIDS HAS AN APPLE WATCH?! WHAT?!?!
996,2434,Holy-
997,2441,MAGIC SCHOOL BUS NO NO NO NOOOOOOOO MY CHILDHOODDDDD
998,2449,omg
999,2457,Kid got sass
1000,2467,lol
1001,2491,BUT WHY
1002,2501,Lol
1003,2568,omg HADLEY üòÇüòÇüòÇ
1004,2581,FBI
1005,2620,Chowder why
1006,2631,why?
1007,2637,üòÇüòÇüòÇ
1008,2643,I CAN&#39;T BELIEVE THESE XDDDDD
1009,2645,AUTHUR OMG-
1010,2650,I LITERALLY WATCHED THAT EPISODE OF THE MAGIC SCHOOL BUS IN CLASS LMAOO
1011,2658,Play Dragon romper
1012,2662,oooooooooooh nooooooooooooooooooooooo
1013,2699,THE INNOCENCE üòÖ
1014,2714,REACT TO MATTYB
1015,2721,i- why????
1016,2730,No.7 WTF!
1017,2767,Not life
1018,2781,oH gOd
1019,2810,MAGIC SCHOOL BUS WTF!!!
1020,2825,COOL
1021,2828,REACT TO CINEMASSACRES ANGRY VIDEO GAME NERD!
1022,2836,Hadley had me rolling üòÇüòÇüòÇ
1023,2920,OH SHIIIIIII- WAS THAT WAS WHAT I THOUGHT IT WAS MRS FRIZZLE
1024,2976,"<b>HOLY SHIT I DIDNT EVEN NOTICE THE STEVEN UNIVERSE SEX REFERENCE, WHEN I WAS A CHILD IVE COME ALONG WAY BRUUUUUUUUUHHHHHHH</b>"
1025,3022,mMmMMmMMMm iT tAsTeS sO gOoD
1026,3033,I-
1027,3036,REACT TO AESPA
1028,3044,I love Lucas
1029,3047,infinite infinite infinite infinite infinite
1030,3054,KIDS WEAR MASK FOR LOVE OF GOD
1031,3059,Hi
1032,3122,Omg Lucas! Haha
1033,3138,<b>Goodnight Everyone!</b>
1034,3220,An add every 60 seconds?
1035,3226,LUCAS IS MY FAV AND THATS ON PERIODT.
1036,3254,Hahahaha
1037,3264,Is lucas...
1038,3309,Stupid
1039,3344,OMG THE POWERPUFF GIRLS PART LMAO I WAS SHOOK üòÇüòÇüòÇüòÇüòÇ
1040,3365,"Oh, Lucas!"
1041,3372,THEY DID SEAWORLD LMFAO
1042,3376,LUCAS LMFAOO
1043,3396,SORRY BUT IM DYING ON THE MAGIC SCHOOL BUS JOKE OH MY GOD
1044,3417,&quot;Doing SeaWorld&quot;... how...I&#39;m done...
1045,3426,OOOOOOOH MY GOD. I NEVER NOTICED IT BEFORE BUT MAGIC SCHOOL BUS IS MAKING SOME X RATED JOKES.
1046,3428,Lolllllll XD
1047,3434,;-; why WHY
1048,3474,LMAOAOAIA
1049,3495,Hi REACT!!
1050,3529,o h m y
1051,3552,player2
1052,3556,Hiiiiiiiiii
1053,3574,I sense heresy
1054,3582,Oh boy.
1055,3606,I LOVE LUCAS SO MUCH LMAOO
1056,3607,lol
1057,3650,Mkx
1058,3672,wtf
1059,3703,&quot;THE BUNS IS UR-&quot;<br>me:NONONO<br><b>ad shows up</b><br>Me:thx youtube
1060,3706,THE DAMN MAGIC SCHOOLBUS ONE OML
1061,3721,GUYSSS PLEASE HELP ME WIN MY CHALLENGE I HAVE TO REACH 1000 SUBS WITH NO VIDSSSSS
1062,3731,._.
1063,3752,Yikes
1064,3769,THE FREAKING STEVEN UNIVERSE ONE
1065,3784,WHAT
1066,3805,Love it
1067,3820,LUCAS! üòÇ
1068,3821,"THE BEGINNING, OH MY LORD-"
1069,3827,hi
1070,3831,great video
1071,3842,Good video!
1072,3848,Oh no
1073,3858,Hahahahaha
1074,3877,üòÇ
1075,3891,HAHAHA THE HAIRCUT ONE JAHSHDHFJ
1076,3893,50 th comment
1077,3898,Yay early!
1078,3904,YES
1079,3905,lol
1080,3912,lol
1081,3913,Early
1082,3914,Hi
1083,3918,HI everyone
1084,3919,12th
1085,3925,W
1086,3926,I&#39;m here
1087,3927,EARLY
1088,3934,Hi
1089,32,KJ
1090,41,"Ah, life before covid"
1091,48,I Come ..
1092,94,COVID says hi
1093,125,oof
1094,158,disgusting LOL
1095,206,From 9GAG boi
1096,219,Boo
1097,321,Boring!
1098,329,childish crap
1099,423,I&#39;m crying lol.
1100,426,Cancer
1101,429,SUBSCRIBE NOW
1102,434,NOT FUNNY AT ALL
1103,441,Will&#39;s face
1104,453,GO WILL! &#39;MURICA!
1105,479,lame
1106,480,"HE DOESN&#39;T WANT YOUR PANTS, CHRIS"
1107,494,Hahaha
1108,533,:D
1109,538,Not funny
1110,611,<br><br><br><br><br>A
1111,618,Ferrell&#39;s built like a brick :o
1112,640,"It&#39;s 8 o&#39;cock, clock."
1113,709,omg so funnay
1114,718,Just need 13
1115,735,Shite
1116,739,xD
1117,754,looooooool
1118,770,LMFAO classic!!
1119,816,good shit
1120,830,MOM BRING THE MEATLOAFFFFFFFFFFFFFFFFFFFFFFFFFFFFFFFFF!
1121,836,OMFG THIS IS SO FUNNY IM CREASING
1122,865,Clay Morrow?
1123,952, So good!
1124,962,LOL!!!!
1125,975,Kkkk
1126,986,Funny!
1127,1008,Karl pillkinton 
1128,1019," <a href=""http://www.youtube.com/results?search_query=%23britishhumour"">#britishhumour</a> ¬†¬†"
1129,1038,Will!
1130,1044,last line = priceless
1131,1074,RUBBISH!!!
1132,1079,Lol
1133,1089,BEST EVER!
1134,1095,BEST INNUENDO EVER!!!!
1135,1128,BUT WAIT THAT&#39;S ACTUALLY HIM OMG WOW
1136,1144,Wills fucking class
1137,1153,lol
1138,1169,yay
1139,0,"<a href=""https://www.youtube.com/watch?v=m5m8NoPRkRw&amp;t=2m54s"">2:54</a>"
1140,2,"<a href=""https://www.youtube.com/watch?v=m5m8NoPRkRw&amp;t=7m41s"">7:41</a>"
1141,7,Funny
1142,10,üòÇüòÇüòÇ
1143,20,IS THAT THE REAL CARSON FROM MILKMAN CARSON AND CARSON FROM DANI?
1144,27,"<a href=""https://www.youtube.com/watch?v=m5m8NoPRkRw&amp;t=3m07s"">3:07</a> <a href=""https://www.youtube.com/watch?v=m5m8NoPRkRw&amp;t=3m08s"">3:08</a> <a href=""https://www.youtube.com/watch?v=m5m8NoPRkRw&amp;t=3m09s"">3:09</a> <a href=""https://www.youtube.com/watch?v=m5m8NoPRkRw&amp;t=3m10s"">3:10</a> <a href=""https://www.youtube.com/watch?v=m5m8NoPRkRw&amp;t=3m11s"">3:11</a> <a href=""https://www.youtube.com/watch?v=m5m8NoPRkRw&amp;t=3m12s"">3:12</a> <a href=""https://www.youtube.com/watch?v=m5m8NoPRkRw&amp;t=3m13s"">3:13</a> <a href=""https://www.youtube.com/watch?v=m5m8NoPRkRw&amp;t=3m14s"">3:14</a> <a href=""https://www.youtube.com/watch?v=m5m8NoPRkRw&amp;t=3m15s"">3:15</a> <a href=""https://www.youtube.com/watch?v=m5m8NoPRkRw&amp;t=3m16s"">3:16</a> <a href=""https://www.youtube.com/watch?v=m5m8NoPRkRw&amp;t=3m21s"">3:21</a> <a href=""https://www.youtube.com/watch?v=m5m8NoPRkRw&amp;t=3m22s"">3:22</a> <a href=""https://www.youtube.com/watch?v=m5m8NoPRkRw&amp;t=3m23s"">3:23</a> <a href=""https://www.youtube.com/watch?v=m5m8NoPRkRw&amp;t=3m24s"">3:24</a> <a href=""https://www.youtube.com/watch?v=m5m8NoPRkRw&amp;t=3m25s"">3:25</a> <a href=""https://www.youtube.com/watch?v=m5m8NoPRkRw&amp;t=3m26s"">3:26</a> <a href=""https://www.youtube.com/watch?v=m5m8NoPRkRw&amp;t=3m27s"">3:27</a> <a href=""https://www.youtube.com/watch?v=m5m8NoPRkRw&amp;t=3m28s"">3:28</a> <a href=""https://www.youtube.com/watch?v=m5m8NoPRkRw&amp;t=3m29s"">3:29</a> <a href=""https://www.youtube.com/watch?v=m5m8NoPRkRw&amp;t=3m30s"">3:30</a> <a href=""https://www.youtube.com/watch?v=m5m8NoPRkRw&amp;t=3m31s"">3:31</a> <a href=""https://www.youtube.com/watch?v=m5m8NoPRkRw&amp;t=3m32s"">3:32</a> <a href=""https://www.youtube.com/watch?v=m5m8NoPRkRw&amp;t=4m21s"">4:21</a> <a href=""https://www.youtube.com/watch?v=m5m8NoPRkRw&amp;t=4m22s"">4:22</a> <a href=""https://www.youtube.com/watch?v=m5m8NoPRkRw&amp;t=4m23s"">4:23</a> <a href=""https://www.youtube.com/watch?v=m5m8NoPRkRw&amp;t=4m24s"">4:24</a> <a href=""https://www.youtube.com/watch?v=m5m8NoPRkRw&amp;t=4m25s"">4:25</a> <a href=""https://www.youtube.com/watch?v=m5m8NoPRkRw&amp;t=6m58s"">6:58</a> <a href=""https://www.youtube.com/watch?v=m5m8NoPRkRw&amp;t=6m59s"">6:59</a> <a href=""https://www.youtube.com/watch?v=m5m8NoPRkRw&amp;t=7m00s"">7:00</a> <a href=""https://www.youtube.com/watch?v=m5m8NoPRkRw&amp;t=7m01s"">7:01</a> <a href=""https://www.youtube.com/watch?v=m5m8NoPRkRw&amp;t=7m02s"">7:02</a> <a href=""https://www.youtube.com/watch?v=m5m8NoPRkRw&amp;t=7m03s"">7:03</a> <a href=""https://www.youtube.com/watch?v=m5m8NoPRkRw&amp;t=8m11s"">8:11</a> <a href=""https://www.youtube.com/watch?v=m5m8NoPRkRw&amp;t=8m12s"">8:12</a> <a href=""https://www.youtube.com/watch?v=m5m8NoPRkRw&amp;t=8m13s"">8:13</a> <a href=""https://www.youtube.com/watch?v=m5m8NoPRkRw&amp;t=8m14s"">8:14</a> <a href=""https://www.youtube.com/watch?v=m5m8NoPRkRw&amp;t=8m15s"">8:15</a> <a href=""https://www.youtube.com/watch?v=m5m8NoPRkRw&amp;t=8m16s"">8:16</a> <a href=""https://www.youtube.com/watch?v=m5m8NoPRkRw&amp;t=8m17s"">8:17</a> <a href=""https://www.youtube.com/watch?v=m5m8NoPRkRw&amp;t=8m18s"">8:18</a> <a href=""https://www.youtube.com/watch?v=m5m8NoPRkRw&amp;t=8m19s"">8:19</a> <a href=""https://www.youtube.com/watch?v=m5m8NoPRkRw&amp;t=9m20s"">9:20</a> <a href=""https://www.youtube.com/watch?v=m5m8NoPRkRw&amp;t=9m21s"">9:21</a> <a href=""https://www.youtube.com/watch?v=m5m8NoPRkRw&amp;t=9m22s"">9:22</a> <a href=""https://www.youtube.com/watch?v=m5m8NoPRkRw&amp;t=9m23s"">9:23</a> <a href=""https://www.youtube.com/watch?v=m5m8NoPRkRw&amp;t=9m24s"">9:24</a> <a href=""https://www.youtube.com/watch?v=m5m8NoPRkRw&amp;t=9m27s"">9:27</a> <a href=""https://www.youtube.com/watch?v=m5m8NoPRkRw&amp;t=9m28s"">9:28</a> <a href=""https://www.youtube.com/watch?v=m5m8NoPRkRw&amp;t=9m29s"">9:29</a> <a href=""https://www.youtube.com/watch?v=m5m8NoPRkRw&amp;t=9m30s"">9:30</a> <a href=""https://www.youtube.com/watch?v=m5m8NoPRkRw&amp;t=9m31s"">9:31</a> <a href=""https://www.youtube.com/watch?v=m5m8NoPRkRw&amp;t=9m32s"">9:32</a> <a href=""https://www.youtube.com/watch?v=m5m8NoPRkRw&amp;t=9m33s"">9:33</a> <a href=""https://www.youtube.com/watch?v=m5m8NoPRkRw&amp;t=9m34s"">9:34</a> <a href=""https://www.youtube.com/watch?v=m5m8NoPRkRw&amp;t=9m35s"">9:35</a> <a href=""https://www.youtube.com/watch?v=m5m8NoPRkRw&amp;t=9m36s"">9:36</a> <a href=""https://www.youtube.com/watch?v=m5m8NoPRkRw&amp;t=9m37s"">9:37</a> <a href=""https://www.youtube.com/watch?v=m5m8NoPRkRw&amp;t=9m38s"">9:38</a> <a href=""https://www.youtube.com/watch?v=m5m8NoPRkRw&amp;t=10m40s"">10:40</a> <a href=""https://www.youtube.com/watch?v=m5m8NoPRkRw&amp;t=10m41s"">10:41</a> <a href=""https://www.youtube.com/watch?v=m5m8NoPRkRw&amp;t=10m42s"">10:42</a> <a href=""https://www.youtube.com/watch?v=m5m8NoPRkRw&amp;t=10m43s"">10:43</a> <a href=""https://www.youtube.com/watch?v=m5m8NoPRkRw&amp;t=10m44s"">10:44</a> <a href=""https://www.youtube.com/watch?v=m5m8NoPRkRw&amp;t=10m45s"">10:45</a> <a href=""https://www.youtube.com/watch?v=m5m8NoPRkRw&amp;t=10m46s"">10:46</a> <a href=""https://www.youtube.com/watch?v=m5m8NoPRkRw&amp;t=10m47s"">10:47</a> <a href=""https://www.youtube.com/watch?v=m5m8NoPRkRw&amp;t=10m48s"">10:48</a> <a href=""https://www.youtube.com/watch?v=m5m8NoPRkRw&amp;t=10m49s"">10:49</a> <a href=""https://www.youtube.com/watch?v=m5m8NoPRkRw&amp;t=10m50s"">10:50</a> <a href=""https://www.youtube.com/watch?v=m5m8NoPRkRw&amp;t=10m51s"">10:51</a> <a href=""https://www.youtube.com/watch?v=m5m8NoPRkRw&amp;t=10m52s"">10:52</a> <a href=""https://www.youtube.com/watch?v=m5m8NoPRkRw&amp;t=10m53s"">10:53</a> <a href=""https://www.youtube.com/watch?v=m5m8NoPRkRw&amp;t=10m54s"">10:54</a> <a href=""https://www.youtube.com/watch?v=m5m8NoPRkRw&amp;t=10m55s"">10:55</a> <a href=""https://www.youtube.com/watch?v=m5m8NoPRkRw&amp;t=10m56s"">10:56</a> <a href=""https://www.youtube.com/watch?v=m5m8NoPRkRw&amp;t=10m57s"">10:57</a> <a href=""https://www.youtube.com/watch?v=m5m8NoPRkRw&amp;t=12m20s"">12:20</a> <a href=""https://www.youtube.com/watch?v=m5m8NoPRkRw&amp;t=12m21s"">12:21</a> <a href=""https://www.youtube.com/watch?v=m5m8NoPRkRw&amp;t=12m22s"">12:22</a> <a href=""https://www.youtube.com/watch?v=m5m8NoPRkRw&amp;t=12m23s"">12:23</a> <a href=""https://www.youtube.com/watch?v=m5m8NoPRkRw&amp;t=12m24s"">12:24</a> <a href=""https://www.youtube.com/watch?v=m5m8NoPRkRw&amp;t=12m25s"">12:25</a> <a href=""https://www.youtube.com/watch?v=m5m8NoPRkRw&amp;t=12m26s"">12:26</a> <a href=""https://www.youtube.com/watch?v=m5m8NoPRkRw&amp;t=12m27s"">12:27</a> <a href=""https://www.youtube.com/watch?v=m5m8NoPRkRw&amp;t=12m28s"">12:28</a> <a href=""https://www.youtube.com/watch?v=m5m8NoPRkRw&amp;t=12m29s"">12:29</a> <a href=""https://www.youtube.com/watch?v=m5m8NoPRkRw&amp;t=12m30s"">12:30</a> <a href=""https://www.youtube.com/watch?v=m5m8NoPRkRw&amp;t=12m31s"">12:31</a> <a href=""https://www.youtube.com/watch?v=m5m8NoPRkRw&amp;t=12m32s"">12:32</a>"
1145,32,ETHAN!!!!!!!!!!!
1146,42,RIP laptop
1147,49,"<a href=""https://www.youtube.com/watch?v=m5m8NoPRkRw&amp;t=4m07s"">4:07</a>"
1148,58,Anyone 2022 RagerCalmBlox Roblox players? üòÇ
1149,102,"<a href=""https://www.youtube.com/watch?v=m5m8NoPRkRw&amp;t=6m47s"">6:47</a> turkey, right?"
1150,105,ALASKA!!!!
1151,122,RIP laptop
1152,125,Ahahaha
1153,126,I win
1154,129,So good
1155,130,"<a href=""https://www.youtube.com/watch?v=m5m8NoPRkRw&amp;t=2m54s"">2:54</a>"
1156,166,Ohmygooodthemarypoppinsone
1157,177,e                                                                                    t
1158,189,Me rn: üòê
1159,191,"<a href=""https://www.youtube.com/watch?v=m5m8NoPRkRw&amp;t=4m34s"">4:34</a>"
1160,203,EEEEEEEEEEEEEEEEEEEEEEEEEEEEEEEEEEEEEEEEEEEEEEEEEEEEEEEEEEEEEEEEEEEEEEEEEEEEEEEEEEEEEEEEEEEEEEEEEEEEEEEEEEEEEEEEEEEEEEEEEEEEEEEEEEEEEEEEEEEEEEEEEEEEEEEEEEEEEEEEEEEEEEEEEEEEEEEEEEEEEEEEEEEEEEEEEEEEEEEEEEEEEEEEEEEEEEEEEEEEEEEEEEEEEEEEEEEEEEEEEEEEEEEEEEEEEEEEEEEEEEEEEEEEEEEEEEEEEEEEEEEEEEEEEEEEEEEEEEEEEEEEEEEEEEEEEEEEEEEEEEEEEEEEEEEEEEEEEEEEEEEEEEEEEEEEEEEEEEEEEEEEEEEEEEEEEEEEEEEEEEEEEEEEEEEEEEEEEEEEEEEEEEEEEEEEEEEEEEEEEEEEEEEEEEEEEEEEEEEEEEEEEEEEEEEEEEEEEEEEEEEEEEEEEEEEEEEEEEEEEEEEEEEEEEEEEEEEEEEEEEEEEEEEEEEEEEEEa
1161,218,"<a href=""https://www.youtube.com/watch?v=m5m8NoPRkRw&amp;t=4m20s"">4:20</a> üòÇüòÇüòÇüòÇüòÇüòÇüòÇüòÇüòÇüòÇüòÇüòÇüòÇüòÇ"
1162,240,So fake.
1163,245,RIP laptop
1164,259,KIDS. ARE NOT DUMB
1165,263,PIZZA TIME
1166,276,ROSES ARE RED I LIKE THIS CHANNEL I SEE A TEEN REACT I CLICK
1167,281,E E E EEEEE
1168,287,Rip laptops
1169,289,"<a href=""https://www.youtube.com/watch?v=m5m8NoPRkRw&amp;t=12m16s"">12:16</a> close"
1170,297,"<a href=""https://www.youtube.com/watch?v=m5m8NoPRkRw&amp;t=6m37s"">6:37</a> I LOVE THAT PART üòÇ"
1171,320,"<a href=""https://www.youtube.com/watch?v=m5m8NoPRkRw&amp;t=6m36s"">6:36</a>"
1172,339,"<a href=""https://www.youtube.com/watch?v=m5m8NoPRkRw&amp;t=6m34s"">6:34</a>"
1173,342,"<a href=""https://www.youtube.com/watch?v=m5m8NoPRkRw&amp;t=2m55s"">2:55</a>"
1174,343,"<a href=""https://www.youtube.com/watch?v=m5m8NoPRkRw&amp;t=9m25s"">9:25</a> lol"
1175,352,EE EEEEE
1176,354,Easy
1177,365,DANNY YOU WERE DOING SO GOOOOD :(
1178,381,Hey
1179,382,LOL WHY ARE THERE ONLY 66 COMMENTS LMAO
1180,394,R.I.P PC
1181,395,Pepsi max
1182,408,"<a href=""https://www.youtube.com/watch?v=m5m8NoPRkRw&amp;t=2m53s"">2:53</a>"
1183,409,"<a href=""https://www.youtube.com/watch?v=m5m8NoPRkRw&amp;t=3m33s"">3:33</a>"
1184,425,"<a href=""https://www.youtube.com/watch?v=m5m8NoPRkRw&amp;t=4m07s"">4:07</a> IM DEAD HAHA"
1185,454,"<a href=""https://www.youtube.com/watch?v=m5m8NoPRkRw&amp;t=12m06s"">12:06</a> LOL"
1186,459,Rip laptops
1187,463,I won
1188,464,D I S N E Y<br><br><br><br><br><br><br><br><br><br><br>ALASKA!
1189,465,E
1190,475,RIP laptops.
1191,479,Yehhhhhhhhhhhhhhhhhhhhhhhhhh
1192,488,üòÇüòÇüòÇüòÇ
1193,496,Kids Are Dumb?
1194,503,Hey.
1195,504,"<a href=""https://www.youtube.com/watch?v=m5m8NoPRkRw&amp;t=6m56s"">6:56</a> WHAT IF GOD WAS ONE OF US RIDING ON THE BATTLE BUS"
1196,512,"<a href=""https://www.youtube.com/watch?v=0FvtGq_k0ps"">https://www.youtube.com/watch?v=0FvtGq_k0ps</a>"
1197,524,"<a href=""https://www.youtube.com/watch?v=m5m8NoPRkRw&amp;t=3m53s"">3:53</a>"
1198,532,"Honk <a href=""https://www.youtube.com/watch?v=m5m8NoPRkRw&amp;t=0m29s"">0:29</a>"
1199,535,"<b><a href=""http://www.youtube.com/results?search_query=%23relatable"">#relatable</a></b>"
1200,566,<b>E</b>
1201,589,"I CRACKED UP HERE LOL <a href=""https://www.youtube.com/watch?v=m5m8NoPRkRw&amp;t=2m22s"">2:22</a>"
1202,622,A<br>    A<br>    A<br>REACT
1203,627,"e, e, *eee*,e,eeee"
1204,628,"E, E, EE, <b>EEE  E E E E E E</b>"
1205,631,e
1206,641,2021
1207,652,EEEEEEEEEEEEEE
1208,663,fu
1209,665,E
1210,668,E<br>eeee<br>eeeeeeeee
1211,670,K
1212,672,Hi
1213,700,EEEEEEEEEEEEEEEEEEEE
1214,707,"<a href=""https://www.youtube.com/watch?v=m5m8NoPRkRw&amp;t=9m00s"">9:00</a>  PHHHHHHH PH PH PH PH ph ph...."
1215,729,good tactics
1216,731,ALASKA
1217,751,"<a href=""http://www.youtube.com/results?search_query=%23relatable"">#relatable</a>"
1218,752,"<a href=""https://www.youtube.com/watch?v=m5m8NoPRkRw&amp;t=10m40s"">10:40</a> explain plz"
1219,755,"6,000th comment"
1220,770,Rest In Peace Laptops.
1221,775,I win
1222,813,lol momma
1223,822,PIZZA TIME!!!
1224,826,God loves You
1225,837,i love Jordan
1226,850,Wow
1227,855,"<a href=""https://www.youtube.com/watch?v=m5m8NoPRkRw&amp;t=10m41s"">10:41</a> BEST REACTION EVER"
1228,858,"<a href=""https://www.youtube.com/watch?v=m5m8NoPRkRw&amp;t=5m05s"">5:05</a> Hunisat"
1229,862,&quot;like you idiot&quot;
1230,867,Smosh
1231,871,ooo
1232,877,EEEEEEEEEEEEEEEEEEE
1233,883,"( E E )<br>eeeee<br><br><a href=""https://www.youtube.com/watch?v=m5m8NoPRkRw&amp;t=11m07s"">11:07</a>"
1234,888,"<a href=""http://www.youtube.com/results?search_query=%23relatable"">#relatable</a>"
1235,892,EEEEEEE WHY DOES THAT MAKE U LAUGH
1236,908,HMMM FREDDIE MERCURY?!<br><br><b>clicks</b>
1237,912,mmh
1238,917,Keep
1239,918,But
1240,919,Wowow
1241,923,"I see Spiderman, I click"
1242,936,corny
1243,939,RIP macbook
1244,952,L
1245,961,Transport
1246,963,e
1247,991,Like
1248,993,E<br>E<br>E<br><br><br><br><br><br>EEEEEEEEEEEEEEE EEEEEEEEEEEEEEE
1249,997,"<a href=""https://www.youtube.com/watch?v=m5m8NoPRkRw&amp;t=5m21s"">5:21</a> at 0.25x"
1250,1000,"<a href=""https://www.youtube.com/watch?v=m5m8NoPRkRw&amp;t=7m43s"">7:43</a> my favorite part hahaha"
1251,1001,EEEEEEEEEEEEEE
1252,1008,Rip laptops
1253,1022,Bicycle
1254,1023,EEE JOKE
1255,1058,ERIN IS SO FUNNY!!!!!!!!!!!
1256,1060,"<a href=""https://www.youtube.com/watch?v=m5m8NoPRkRw&amp;t=13m30s"">13:30</a>"
1257,1066,"<a href=""https://www.youtube.com/watch?v=m5m8NoPRkRw&amp;t=5m06s"">5:06</a>"
1258,1085,0.04 LMAO
1259,1092,I
1260,1101,"<a href=""https://www.youtube.com/watch?v=m5m8NoPRkRw&amp;t=6m42s"">6:42</a><br><br>Erin: EVAN!!!!<br><br><br><br>Vanossgaming: YEAH!!!!"
1261,1103,"<a href=""https://www.youtube.com/watch?v=m5m8NoPRkRw&amp;t=0m36s"">0:36</a><br><br>Us: :)<br><br><br>(Bass line)"
1262,1110,"<a href=""https://www.youtube.com/watch?v=m5m8NoPRkRw&amp;t=4m04s"">4:04</a>"
1263,1116,$$$
1264,1128,Rip ComputerüòÇ
1265,1136,xD
1266,1165,"<a href=""https://www.youtube.com/watch?v=m5m8NoPRkRw&amp;t=1m53s"">1:53</a> RIP Toto"
1267,1170,"<a href=""https://www.youtube.com/watch?v=m5m8NoPRkRw&amp;t=10m30s"">10:30</a>"
1268,1184,"<a href=""https://www.youtube.com/watch?v=m5m8NoPRkRw&amp;t=10m37s"">10:37</a> EEEEEEEEEEEEEEEEE EEEEEE EEEEEE"
1269,1200,EE E EEEE
1270,1211,2020 everyone
1271,1214,<b>LASKA</b>
1272,1238,ALASKA
1273,1239,E E E EEEEEEEEEEEE
1274,1251,Spit it out
1275,1295,# relatable
1276,1298,"<a href=""https://www.youtube.com/watch?v=m5m8NoPRkRw&amp;t=11m15s"">11:15</a>"
1277,1302,WAY TO BREAK YOU COMPUTER
1278,1304,"<a href=""https://www.youtube.com/watch?v=m5m8NoPRkRw&amp;t=8m48s"">8:48</a> GOTTEM"
1279,1315,Easy
1280,1343,"<a href=""https://www.youtube.com/watch?v=m5m8NoPRkRw&amp;t=4m07s"">4:07</a> sent meüòÇüòÇüòÇüòÇüòÇ"
1281,1352,E E EEEEEEEE
1282,1358,R.I.P. REACT computers
1283,1365,üòÇüòÇüòÇüòÇüòÇüòÇüòÇüòÇ
1284,1373,"<a href=""https://www.youtube.com/watch?v=m5m8NoPRkRw&amp;t=9m20s"">9:20</a> she&#39;s cute üòÇ"
1285,1382,"<a href=""https://www.youtube.com/watch?v=m5m8NoPRkRw&amp;t=8m24s"">8:24</a>"
1286,1387,E E E... EEEEE
1287,1390,EEEE
1288,1407,I CAME HERE<br><br><br>FROM TIKTOK
1289,1410,<b>EE</b><br><b>EEEEEEE</b>
1290,1416,YYYYYYYYYYYYYYYYYYYYYYYYYYYYYYYYYYYYYYYYYYYYYYYYYYYYYYYYYYYYYYYYYYYYYYYYYYYYYYYYYYYYYYYYYYYYY
1291,1418,HEY HEY HEYA
1292,1430,Points =0
1293,1433,TRY NOT TO SMILE OR LAUGH  TONY BAKER
1294,1435,E E<br><br>Girl: <b>spits</b>
1295,1447,Rip Laptop
1296,1448,"<a href=""https://www.youtube.com/watch?v=m5m8NoPRkRw&amp;t=0m01s"">0:01</a> Girl Wtf"
1297,1464,Lol rip computers xD
1298,1491,EEEEEEEEEEEEEEE
1299,1501,H
1300,1506,ERIN YAEGER
1301,1512,BUCKETS
1302,1526,Omg I mean
1303,1528,EEEEEEEE
1304,1534,"<a href=""https://www.youtube.com/watch?v=m5m8NoPRkRw&amp;t=12m33s"">12:33</a> Hahahahahahahahahahahababababab"
1305,1537,I just love Carson.
1306,1545,"<a href=""http://www.youtube.com/results?search_query=%23relatable"">#relatable</a>"
1307,1547,E
1308,1556,EEEEEEEEEEEEEEEEEEEEEEEEEEEEEEEEEEEEEEEEEEEEEEEEEEEEEEEEEEEEEEEEEEEEEEEEEEEEEEEEEEEEEEEEEEEEEEEEEEEEEEEEEEEEEEEEEEEEEEEEEEEEEEEEEEEEEEEEEEEEEEEEE EEEEEEEEEEEEEEEEEEEEEEEEEEEEEEEEEEEEEEEEEEEEEEEEEEEEE
1309,1574,"<a href=""https://www.youtube.com/watch?v=m5m8NoPRkRw&amp;t=6m33s"">6:33</a> AS BAYRAKLARII"
1310,1583,Corona
1311,1588,Cfcsc&amp;
1312,1606,EEE<br>EEEEEEEEEE<br>EEEEEEEEEEEEE
1313,1607,PIZZA TIME!!!
1314,1608,RIP laptops
1315,1618,"<a href=""https://www.youtube.com/watch?v=m5m8NoPRkRw&amp;t=11m22s"">11:22</a> HAS ME DYING"
1316,1643,"<a href=""https://www.youtube.com/watch?v=m5m8NoPRkRw&amp;t=6m36s"">6:36</a> turkey .d"
1317,1676,E
1318,1678,"<a href=""https://www.youtube.com/watch?v=m5m8NoPRkRw&amp;t=3m06s"">3:06</a> WHY??<br><a href=""https://www.youtube.com/watch?v=m5m8NoPRkRw&amp;t=3m22s"">3:22</a> WHY??"
1319,1702,AS BAYRAKLARI AS AS AS
1320,1711,AYM A KID
1321,1726,"<a href=""https://www.youtube.com/watch?v=m5m8NoPRkRw&amp;t=10m30s"">10:30</a>"
1322,1745,E E<br>       EEEEEEEEEEEEEE<br><br>        EEEEEEEEEEEE
1323,1750,"<a href=""https://www.youtube.com/watch?v=m5m8NoPRkRw&amp;t=4m34s"">4:34</a>"
1324,1754,"<a href=""https://www.youtube.com/watch?v=m5m8NoPRkRw&amp;t=0m03s"">0:03</a> loooost &lt;.&lt;"
1325,1757,ok
1326,1778,<b>E</b>
1327,1779,Rip MacBook
1328,1786,WOBBA WOBBA
1329,1799,"Nobody: <br>Chewbacca: <a href=""https://www.youtube.com/watch?v=m5m8NoPRkRw&amp;t=9m20s"">9:20</a>"
1330,1800,EE EEEEEEE. EEEEEEEEEEEE.
1331,1804,EEEEEEEEEEEEEEEEE<br>EE<br>EE<br>EE<br>EE<br>EE<br>EE<br>EEEEEEEEEEEE<br>EE<br>EE<br>EE<br>EE<br>EE<br>EE<br>EEEEEEEEEEEEEEEE
1332,1808,WHAT IS THIS INTRODUCTION!?!!
1333,1818,KIDS ARNT DUM!!!!!!!!!!!!
1334,1823,EE EEEEE EEEEEEEEE EEEEEEEEEEEEEEEE EEEEEEEEEEEEEEEEEEEEEEEEEEEEEEEEEEEEEEEEEEEEEEEEEEEEEEEEEEEEEEEEEEEEEEEEEEEEEEEEEEEEEEEEEEEEEEEEEEEEEEEEEEEEEEEEEEEEEEEEEEEEEEEEEEEEEEEEEEEEEEEEEEEEEEEEEEEEEEEEEEEEEE
1335,1836,E E E  EE EE !
1336,1840,Gross
1337,1843,Are not fun
1338,1844,"<a href=""https://www.youtube.com/watch?v=m5m8NoPRkRw&amp;t=11m24s"">11:24</a>  üòÇüòÇ"
1339,1853,EZ
1340,1870,EEEEEEEEEEE<br>                           E <br>       EE<br>EEEEEEEEEE
1341,1874,"<a href=""https://www.youtube.com/watch?v=m5m8NoPRkRw&amp;t=2m22s"">2:22</a> FREDDIE!!!!! :)"
1342,1877,Blowiobs.
1343,1880,E E EE EEEEEEEEEEE
1344,1883,534 lol
1345,1884,E
1346,1899,ITS PIZZA TIME
1347,1911,i just love SHIELA !!! :) &lt;3
1348,1924,"<a href=""https://www.youtube.com/watch?v=m5m8NoPRkRw&amp;t=10m33s"">10:33</a>"
1349,1940,"EE.  <br>EEEEEEE<br><a href=""https://www.youtube.com/watch?v=m5m8NoPRkRw&amp;t=10m30s"">10:30</a>"
1350,1947,"<a href=""https://www.youtube.com/watch?v=m5m8NoPRkRw&amp;t=8m25s"">8:25</a> :&#39;)"
1351,1950,waterproof laptops
1352,1959,BRO STOP SPITTING ON THE FUCKING LAPTOP
1353,1987,"GOT EMMMM!!!!!<a href=""https://www.youtube.com/watch?v=m5m8NoPRkRw&amp;t=8m49s"">8:49</a>"
1354,1992,"E...E...E.E,E,E,E"
1355,1994,EEE EEEEEEEEE LMFAO
1356,1998,"<a href=""https://www.youtube.com/watch?v=m5m8NoPRkRw&amp;t=6m41s"">6:41</a> OBAA"
1357,2002,eeeeee
1358,2018,the CoMpUters!
1359,2021,Your mean
1360,2040,&quot;MAMAAAAAAAAAAAAAA UWUUUUU&quot;
1361,2041,SHEILA 10/10 SHE&#39;S GORGEOUS!!!
1362,2062,Rip computer
1363,2076,R.I.P laptop
1364,2079,"Uh, gross"
1365,2081,GODDAMMITTT CARSON&#39;S SO CUTEEEEEEEE
1366,2084,"<a href=""https://www.youtube.com/watch?v=m5m8NoPRkRw&amp;t=10m39s"">10:39</a>"
1367,2085,Rip laptops
1368,2111,EE E<br>EEEEEEE <br>CHALLENGE IN EEEEEEVERTHING!!
1369,2130,Do funny
1370,2145,"<a href=""https://www.youtube.com/watch?v=m5m8NoPRkRw&amp;t=8m29s"">8:29</a><br>CREEPER"
1371,2146,EEEEEEE üòÇüòÇ
1372,2153,"<a href=""https://www.youtube.com/watch?v=m5m8NoPRkRw&amp;t=8m48s"">8:48</a>"
1373,2159,"<a href=""https://www.youtube.com/watch?v=m5m8NoPRkRw&amp;t=8m49s"">8:49</a> OMG HER HANDS ARE BROKEN"
1374,2164,PIZZA TIME!
1375,2166,"CREEPER <a href=""https://www.youtube.com/watch?v=m5m8NoPRkRw&amp;t=8m29s"">8:29</a>"
1376,2177,EE <br>                                 EEEE
1377,2184,I had 3
1378,2200,Yeeeeeeees
1379,2209,Cool translator!
1380,2223,"<a href=""https://www.youtube.com/watch?v=m5m8NoPRkRw&amp;t=8m15s"">8:15</a> you SPAT!?"
1381,2224,"<a href=""https://www.youtube.com/watch?v=m5m8NoPRkRw&amp;t=3m56s"">3:56</a>"
1382,2241,PIZZA TIME!
1383,2242,"<a href=""https://www.youtube.com/watch?v=m5m8NoPRkRw&amp;t=6m38s"">6:38</a> IM WHEEZING"
1384,2248,"<a href=""https://www.youtube.com/watch?v=m5m8NoPRkRw&amp;t=2m23s"">2:23</a> I WASNT EXPECTING THIS XDDDDDD"
1385,2257,Hello
1386,2269,<b>aLaSKa!!</b>
1387,2271,gross
1388,2279,"<a href=""https://m.facebook.com/story.php?story_fbid=173903143694256&amp;id=100032237140757&amp;fs=1&amp;focus_composer=0"">https://m.facebook.com/story.php?story_fbid=173903143694256&amp;id=100032237140757&amp;fs=1&amp;focus_composer=0</a>"
1389,2280,"How? <a href=""https://www.youtube.com/watch?v=m5m8NoPRkRw&amp;t=6m36s"">6:36</a>"
1390,2303,"<a href=""https://www.youtube.com/watch?v=m5m8NoPRkRw&amp;t=6m32s"">6:32</a> Turkey..."
1391,2304,"Jordan at <a href=""https://www.youtube.com/watch?v=m5m8NoPRkRw&amp;t=9m00s"">9:00</a>"
1392,2305,I Won
1393,2306,&amp;&amp;
1394,2323,"<a href=""https://www.youtube.com/watch?v=m5m8NoPRkRw&amp;t=7m54s"">7:54</a>"
1395,2324,"<a href=""https://www.youtube.com/watch?v=m5m8NoPRkRw&amp;t=10m58s"">10:58</a>"
1396,2325,"<a href=""https://www.youtube.com/watch?v=m5m8NoPRkRw&amp;t=8m57s"">8:57</a>"
1397,2338,Why EE  EEEEEEE?
1398,2347,"<a href=""https://www.youtube.com/watch?v=m5m8NoPRkRw&amp;t=2m02s"">2:02</a><br><b>visible confusion</b>"
1399,2361,"<a href=""https://www.youtube.com/watch?v=m5m8NoPRkRw&amp;t=8m30s"">8:30</a> creeper"
1400,2366,MAMAAAAAAA E
1401,2387,gross
1402,2389,PIZza time!......
1403,2394,RIP Laptop!
1404,2454,Thank you translator
1405,2460,Yo smosh FBE using your idea
1406,2466,just SPAT
1407,2480,"<a href=""https://www.youtube.com/watch?v=m5m8NoPRkRw&amp;t=8m49s"">8:49</a> she got me"
1408,2482,E
1409,2484,<b>A   L   A  S  K  A</b>
1410,2529,jordan &lt;3
1411,2538,Gross
1412,2539,"<a href=""https://www.youtube.com/watch?v=m5m8NoPRkRw&amp;t=8m25s"">8:25</a> -RIP COMPUTER"
1413,2546,"<a href=""https://www.youtube.com/watch?v=m5m8NoPRkRw&amp;t=6m57s"">6:57</a> <a href=""http://www.youtube.com/results?search_query=%23relatible"">#relatible</a>"
1414,2553,::;
1415,2560,Ah yes
1416,2596,"<a href=""https://www.youtube.com/watch?v=m5m8NoPRkRw&amp;t=1m06s"">1:06</a> same"
1417,2610,Everyone: mmMmMmm
1418,2620,"EEE,EEEEEEEEEE"
1419,2637,"<a href=""https://www.youtube.com/watch?v=m5m8NoPRkRw&amp;t=6m53s"">6:53</a> got me üòÇüòÇüòÇüòÇ"
1420,2642,<b>ETHAN IS MADDDDDRDEDJDKSIFJJENFB CUTE BRUHHH!!!!</b>
1421,2678,"<a href=""https://www.youtube.com/watch?v=m5m8NoPRkRw&amp;t=8m28s"">8:28</a> creeper.."
1422,2695,Ha haüòÇüòÇüòÇüòÇüòÇ
1423,2717,RIP Notebook
1424,2724,Rip computers
1425,2741,"E, E, E, EEEEEEEEEEEEEEEEEEEEEEEE!"
1426,2751,TRY NOT TO EAT RATATOUILLE!
1427,2754,disappointment 100 rn
1428,2758,Sssssshhhhhhhheeeeeeeee
1429,2765,disgusting
1430,2768,Bonita
1431,2775,<b>ALASKA</b>
1432,2788,"Ah, smosh"
1433,2791,5 days ago??
1434,2795,PIZZA TIME!
1435,2802,"<a href=""https://www.youtube.com/watch?v=m5m8NoPRkRw&amp;t=8m26s"">8:26</a><br>CREEPer"
1436,2804,"<a href=""http://www.youtube.com/results?search_query=%23relateble"">#relateble</a>"
1437,2808,"<a href=""https://www.youtube.com/watch?v=m5m8NoPRkRw&amp;t=12m17s"">12:17</a>"
1438,2818,"I&#39;m Vanisher, y&#39;all!"
1439,2823,Mikaela! &lt;3
1440,2833,<b>&quot;ALASKA!&quot;</b>
1441,2838,Smosh pit?????
1442,2892,R.I.P computers
1443,2918,"122 episode, WHAT!!"
1444,2928,Ahhh!!!
1445,2939,Wow
1446,2941,"<a href=""https://www.youtube.com/watch?v=m5m8NoPRkRw&amp;t=1m20s"">1:20</a> lol"
1447,2953,"On December 1st... <a href=""https://youtu.be/m5m8NoPRkRw?t=559"">https://youtu.be/m5m8NoPRkRw?t=559</a>"
1448,2956,"<a href=""https://www.youtube.com/watch?v=m5m8NoPRkRw&amp;t=6m37s"">6:37</a>"
1449,2967,Way better
1450,2972,"<a href=""https://www.youtube.com/watch?v=m5m8NoPRkRw&amp;t=11m20s"">11:20</a> dafaq"
1451,2985,EE EEEEEE
1452,3008,Ok boomer
1453,3025,I love Carlos!
1454,3026,"Jordan, my ruca?"
1455,3034,Ok boomer
1456,3036,cool.
1457,3040,"<a href=""https://youtu.be/8kIpxRo0q9I"">https://youtu.be/8kIpxRo0q9I</a>"
1458,3113,Not me
1459,3114,1st clip got me
1460,3132,"<a href=""https://www.youtube.com/watch?v=m5m8NoPRkRw&amp;t=2m02s"">2:02</a> ETHAN LMAO"
1461,3137,"<a href=""https://www.youtube.com/watch?v=m5m8NoPRkRw&amp;t=8m29s"">8:29</a> creeper"
1462,3181,HUSKA?
1463,3187,Austin‚Äôs cute
1464,3195,Diff
1465,3210,Ok boomer
1466,3216,Jordan &gt; Mikeala. It&#39;s pure fact
1467,3218,Ok boomers
1468,3224,Vc
1469,3258,I LOVE THAT SECOND ONE! THAT WAS SO FUNNY!
1470,3284,RIP computers
1471,3292,Ok boomer.
1472,3301,"<a href=""https://www.youtube.com/watch?v=m5m8NoPRkRw&amp;t=11m16s"">11:16</a>"
1473,3305,EE<br>E<br>EEEE
1474,3323,Ok boomer
1475,3327,"<a href=""https://www.youtube.com/watch?v=m5m8NoPRkRw&amp;t=12m26s"">12:26</a> sameüòÇ"
1476,3336,I love Mikaela
1477,3346,"<a href=""https://www.youtube.com/watch?v=m5m8NoPRkRw&amp;t=10m40s"">10:40</a> ok boomer"
1478,3376,"<a href=""https://www.youtube.com/watch?v=m5m8NoPRkRw&amp;t=9m00s"">9:00</a>...Triple H."
1479,3394,THIS ISN&#39;T THE CARSON I WANTED!
1480,3420,"CREEPAH<br><a href=""https://www.youtube.com/watch?v=m5m8NoPRkRw&amp;t=8m29s"">8:29</a>"
1481,3443,<b>AAAAAHHHHHH</b><br>MAMAAAAAA<br>OOOOHHHHHHHHHH
1482,3449,"<a href=""https://www.youtube.com/watch?v=m5m8NoPRkRw&amp;t=8m27s"">8:27</a> so hahahah"
1483,3462,"I FEEL SO WEIRD SEEING THE FACE BEHIND THE VOICE <a href=""https://www.youtube.com/watch?v=m5m8NoPRkRw&amp;t=14m20s"">14:20</a> wtffff"
1484,3476,I love Carson!!
1485,3497,eeeeeeeeeeeeee
1486,3515,More Alberto!!! Always more
1487,3521,"Mikala  just played us :ok-hand:  <a href=""https://www.youtube.com/watch?v=m5m8NoPRkRw&amp;t=8m48s"">8:48</a>"
1488,3533,"Start @ <a href=""https://www.youtube.com/watch?v=m5m8NoPRkRw&amp;t=1m19s"">1:19</a>"
1489,3545,EE EEEEEE
1490,3578,THIS IS THE BEST VIDEO  I HAVE EVER SEEN IN FBE
1491,3582,"E, E, E!! E-E-E-E!"
1492,3608,"<a href=""https://www.youtube.com/watch?v=m5m8NoPRkRw&amp;t=11m16s"">11:16</a> xD"
1493,3611,YESS THE FREDDIE VIDEOS
1494,3614,"<a href=""https://www.youtube.com/watch?v=m5m8NoPRkRw&amp;t=0m03s"">0:03</a> me november 5th"
1495,3618,No one:;<br><br><br><br><br><br>ITS PIZZA TIME
1496,3620,E
1497,3638,EE EEEEEEE EEEEEEE
1498,3643,EEE EEE EEE. EEEEE EEEE EEEE EEEEEE. üòÇ
1499,3648,FOR THE LOVE OF GOD. DISINFECT THAT POOR COMPUTER SCREEN AND KEYBOARD
1500,3660,RIP LAPTOPS..<br>2019 - 2019
1501,3729,THIS WEEK EPISODE IS GOOOOOOD
1502,3743,Early
1503,3765,Marty Poppins üòÇüòÇüòÇüòÇ
1504,3775,E E E EEEE
1505,3781,I win
1506,3788,Marry me Jordan
1507,3795,Poi
1508,3797,Rip laptop
1509,3799,EE E EEEEEEEEE I&#39;m dying
1510,3815,"<a href=""https://www.youtube.com/watch?v=m5m8NoPRkRw&amp;t=11m22s"">11:22</a> LMFAOOOO TF"
1511,3844,"PLEASE WATCH THIS VIDEO <br><br><br><a href=""https://www.youtube.com/watch?v=SedR8NwtJyM&amp;t=88s"">https://www.youtube.com/watch?v=SedR8NwtJyM&amp;t=88s</a>"
1512,3849,"<a href=""http://www.youtube.com/results?search_query=%23relatable"">#relatable</a>"
1513,3861,"<a href=""https://youtu.be/2T5_0AGdFic"">https://youtu.be/2T5_0AGdFic</a>"
1514,3871,"<a href=""https://www.youtube.com/watch?v=m5m8NoPRkRw&amp;t=7m52s"">7:52</a> Mr Anderson..."
1515,3902,FREDDIE MERCURY THE G.O.A.T.
1516,3930,EE.  EEEEESSSE
1517,3935,Ethan üòÇ
1518,3940,EE<br>EEEEEEEEEE<br>EEEEEEEEEEEEEEEEEE
1519,3942,"Creeper!<br><a href=""https://www.youtube.com/watch?v=m5m8NoPRkRw&amp;t=8m29s"">8:29</a>"
1520,3943,EE<br>EEEEEE
1521,3954,NOOOOO MARY!!!
1522,3962,"Song in <a href=""https://www.youtube.com/watch?v=m5m8NoPRkRw&amp;t=6m32s"">6:32</a> video?"
1523,3966,ALASKA!!!
1524,3981,Hi
1525,4017,Nice
1526,4019,Not first!
1527,4054,<b>EE EE EE. E E-E EEEEE.</b>
1528,4063,Exciting momentssss
1529,4072,"Creeper<br><a href=""https://www.youtube.com/watch?v=m5m8NoPRkRw&amp;t=8m29s"">8:29</a>"
1530,4095,EE<br><br><br>eeeeeeeeeeee
1531,4103,"<a href=""https://www.youtube.com/watch?v=m5m8NoPRkRw&amp;t=6m32s"">6:32</a>-<a href=""https://www.youtube.com/watch?v=m5m8NoPRkRw&amp;t=6m49s"">6:49</a> got me HOWLING"
1532,4110,ERIN
1533,4115,D-I-S-N-E-Y ALASKA
1534,4154,"Creeper?<br><a href=""https://www.youtube.com/watch?v=m5m8NoPRkRw&amp;t=8m29s"">8:29</a>"
1535,4162,&quot;Choke like a baby&quot;
1536,4163,üòê
1537,4168,"<a href=""https://www.youtube.com/watch?v=m5m8NoPRkRw&amp;t=7m52s"">7:52</a> - &quot;Mr. Anderson...&quot;"
1538,4187,ALASKA!!!!
1539,4200,F*ck REACT !!!!!!!!!!!!!!!!!
1540,4248,üòÇüòÇüòÇüòÇüòÇ
1541,4261,Hi<br>HOLA<br>ALOHA
1542,4266,"<a href=""https://youtu.be/q8rlkeQgbtU"">https://youtu.be/q8rlkeQgbtU</a>"
1543,4287,"<a href=""https://www.youtube.com/watch?v=m5m8NoPRkRw&amp;t=11m24s"">11:24</a>.... how?!?!"
1544,4292,I love Jordan
1545,4306,Hi
1546,4314,"<a href=""http://www.youtube.com/results?search_query=%23relateble"">#relateble</a>"
1547,4330,"<a href=""https://www.youtube.com/watch?v=m5m8NoPRkRw&amp;t=12m55s"">12:55</a>  hahahahaha"
1548,4338,"<a href=""https://youtu.be/H4HbGemt3FE"">https://youtu.be/H4HbGemt3FE</a>"
1549,4341,AHHH<br>WATER CHALLENGE<br>ITS BEEN A WHILE <br>XD CX
1550,4350,Howdy
1551,4352,I like your content REACT.
1552,4373,Oh...I&#39;m early?
1553,4387,I love Fridays.
1554,4399,Early
1555,4406,Earlysquad
1556,4413,"<a href=""https://youtu.be/h0-WO6xRbAo"">https://youtu.be/h0-WO6xRbAo</a>"
1557,4415,hi
1558,4417,PLEASE KEEP MAKING THESE!! üòÇüòÇ
1559,4419,Hey fbe!
1560,4422,THE SECOND ONE HAHHHHHAHAHAHAHAHAHA
1561,4438,aaaaaahh never first
1562,4453,Notif Squad
1563,4455,PogU
1564,4456,<b>HAHAHAHAHA</b>
1565,4464,PLEASE PLEASE DO A TRY NOT TO EAT CHALLENGE SUPERNATURAL EDITION PLEASE
1566,4468,Hi
1567,4471,second
1568,4485,HEEEY IM EARLY FOR ONCE
1569,4486,# love react
1570,4488,:O
1571,4491,Wassup React channel
1572,4493,Notification club!
1573,4500,"<a href=""https://youtu.be/fnVCbj2EC30"">https://youtu.be/fnVCbj2EC30</a>"
1574,4507,Funny
1575,4508,First
1576,4512,Second
1577,4517,3.
1578,4518,3 views
1579,4520,Hey
1580,4521,Hey
1581,4522,Gujbokhf
